date,cap_30_89,cap_90_1y,comercial_total,consumo_total,imacec,ipc,tpm,vivienda_uf,bcp_2y,bcp_5y,bcu_10y,bcu_5y,bcp_10y,comercial_cuotas,comercial_sobregiro,consumo_cuotas,consumo_tarj_cuota,consumo_tarj_rot
2002-01-01,0.4740909090909091,0.5154545454545455,9.01662514544861,31.030626256863396,52.38684273346299,45.514365579999996,6,7.51,NA,NA,NA,NA,NA,NA,NA,NA,NA,NA
2002-02-01,0.4465,0.47900000000000004,8.679110088155419,30.926110478141293,49.572388645635,45.51710638,5.5,7.5,NA,NA,NA,NA,NA,NA,NA,NA,NA,NA
2002-03-01,0.3805,0.41250000000000003,8.07863257099312,26.0050233289108,55.496862230513,45.756218710000006,4.75,7.28,NA,NA,NA,NA,NA,NA,NA,NA,NA,NA
2002-04-01,0.3628571428571428,0.39333333333333337,8.83271372970819,27.978527807546893,54.831662879903995,45.92913518000001,4.75,7.18,NA,NA,NA,NA,NA,NA,NA,NA,NA,NA
2002-05-01,0.324,0.3565,7.36696133921772,29.3015069838025,53.95949546983399,45.97045359,4,6.63,NA,NA,NA,NA,NA,NA,NA,NA,NA,NA
2002-06-01,0.315,0.345,7.393533147796499,28.878514368939197,52.591305977677,45.911944389999995,4,6.72,NA,NA,NA,NA,NA,NA,NA,NA,NA,NA
2002-07-01,0.2682608695652174,0.2952173913043478,7.259828499567551,27.969498815730397,51.574149311361,46.11471881000001,3.25,6.72,NA,NA,NA,NA,NA,NA,NA,NA,NA,NA
2002-08-01,0.22666666666666668,0.24952380952380954,6.479949301298961,27.417292281966294,52.645300668426,46.291905940000014,3,6.53,NA,NA,NA,NA,NA,NA,NA,NA,NA,NA
2002-09-01,0.21789473684210528,0.24526315789473685,6.1719180965621305,25.8531059072752,51.486675858879,46.682974740000006,3,6.17,4.117515361445784,5.847286363636364,3.5469,2.52823476923077,NA,NA,NA,NA,NA,NA
2002-10-01,0.2282608695652174,0.25869565217391305,6.187982046513259,23.3991846423589,55.58545708624799,47.09448311,3,5.63,4.458693102832127,6.3560486300300205,3.868675,2.8445,NA,NA,NA,NA,NA,NA
2002-11-01,0.2285,0.2595,6.2207250066215,24.479850115432203,56.19572686576,47.05487879,3,5.05,3.9828452891722472,5.982820553695733,3.961688888888889,3.077472222222222,NA,NA,NA,NA,NA,NA
2002-12-01,0.2275,0.2605,6.136756971307549,26.030615281174796,58.46504834809501,46.8488481,3,4.99,3.949962587628491,5.62716159554731,4.055199999999999,3.2653333333333334,NA,NA,NA,NA,NA,NA
2003-01-01,0.21727272727272728,0.26,5.93665417752501,28.577047085661196,54.900606275459,46.89098487,2.75,5.6,4.075809910391622,5.797536796536796,3.9021023041474656,2.769285714285714,NA,NA,NA,NA,NA,NA
2003-02-01,0.2123809523809524,0.2625,5.838474368235908,28.9304241184608,52.48618405384999,47.26133603000001,2.75,5.84,4.161890141516643,5.7764999999999995,3.941028409090909,2.745168188679245,NA,NA,NA,NA,NA,NA
2003-03-01,0.21190476190476193,0.25666666666666665,6.021900862797609,25.591776979809598,58.467205606835,47.81284966999999,2.75,5.64,4.2754936114014646,5.83725,3.788541968998136,2.473427777777778,NA,NA,NA,NA,NA,NA
2003-04-01,0.21142857142857144,0.2557142857142857,5.924595445786889,27.3376074953178,57.43015599345501,47.766960250000004,2.75,4.74,4.041953882019935,5.669393241167435,3.851693448275862,2.7121226045883944,NA,NA,NA,NA,NA,NA
2003-05-01,0.2245,0.2745,6.013486123275349,27.3789475111905,56.898668669086994,47.58262211,2.75,5.37,4.063932624113475,5.75384,3.9144561616108997,2.939251104218362,NA,NA,NA,NA,NA,NA
2003-06-01,0.23190476190476192,0.2761904761904762,5.8491107818184,26.7396646965992,55.359901669112986,47.58253254000001,2.75,5.24,4.055321979776477,5.789525583625818,3.860659522842536,2.850301720144468,NA,NA,NA,NA,NA,NA
2003-07-01,0.23608695652173914,0.2821739130434783,5.6316272274696,26.655357934246403,54.18475146831799,47.54107208,2.75,5.2,5.864285714285714,5.980997402597403,3.9022637138351017,2.769645080969463,NA,NA,NA,NA,NA,NA
2003-08-01,0.23550000000000001,0.28500000000000003,5.7619530687841705,26.393194628091802,54.948693368022,47.61990066,2.75,4.91,5.014566666666667,6.077996126896127,3.9187402443786925,2.6999522437317354,NA,NA,NA,NA,NA,NA
2003-09-01,0.2325,0.28900000000000003,5.616898662677049,25.634104496130405,53.72211335704701,47.71022368,2.75,4.51,4.507429783163265,6.2523077905835205,4.2206875,3.002177549146459,NA,NA,NA,NA,NA,NA
2003-10-01,0.23086956521739133,0.2808695652173913,5.66609164819467,25.586665660393898,57.956402117919,47.63677004000001,2.75,4.63,4.182745107147281,5.883635535693847,4.080703678929766,3.1031248188405796,NA,NA,NA,NA,NA,NA
2003-11-01,0.229,0.2675,5.5822585222405605,26.7241156336288,58.266846088052,47.48923964,2.75,4.7700000000000005,3.5149573529411766,4.983201760543018,4.076339330694975,3.1569973039215675,NA,NA,NA,NA,NA,NA
2003-12-01,0.21100000000000002,0.248,5.500419600847049,25.238596757557698,60.624443844482,47.33825522000001,2.25,4.87,3.2558850727816253,4.598830869488361,4.298955986842105,3.2435210914564463,NA,NA,NA,NA,NA,NA
2004-01-01,0.16523809523809524,0.20761904761904762,6.107525472925269,25.1283072687516,56.95508419665699,47.25056575,1.75,4.99,2.9936201852920545,4.280653953669695,3.9846190476190473,2.963249594460592,NA,NA,NA,NA,NA,NA
2004-02-01,0.1405,0.1785,6.40767395650297,24.0644030660364,54.85665020271399,47.25633433000001,1.75,4.88,2.8683461966611623,4.243154961133811,3.8111349999999997,2.650652566667799,NA,NA,NA,NA,NA,NA
2004-03-01,0.14130434782608697,0.1682608695652174,6.943765162676541,21.074328980612602,61.862995629042,47.453597079999994,1.75,4.819999999999999,2.7121346493419956,4.1274474280956115,3.5310786293797736,2.3379484444472833,NA,NA,NA,NA,NA,NA
2004-04-01,0.14333333333333334,0.16952380952380952,6.63781168001208,22.850650731727498,60.637087338803,47.62558563000001,1.75,3.9899999999999998,2.7652380952380953,4.313570344157239,3.801288283658787,2.4763331359532033,NA,NA,NA,NA,NA,NA
2004-05-01,0.14400000000000002,0.1745,6.957271773254151,23.6838925222938,60.085063570148996,47.878162610000004,1.75,3.24,2.9823967010187156,4.677121770901183,3.744061471422054,2.209043455607096,NA,NA,NA,NA,NA,NA
2004-06-01,0.14550000000000002,0.186,7.251173654000101,24.202483071218797,58.54186924434299,48.08488723999999,1.75,3.2600000000000002,3.075279763066413,4.380842744035234,3.8035626477146045,2.3679880824963253,NA,NA,NA,NA,NA,NA
2004-07-01,0.14727272727272728,0.1890909090909091,6.93135681855289,23.5394367165566,57.99110585077901,48.19610035000001,1.75,3.3299999999999996,3.1150350899488424,4.646921830904066,3.6660278093516756,2.3413592330741704,6.4318,NA,NA,NA,NA,NA
2004-08-01,0.1431818181818182,0.18363636363636363,6.97216224426955,23.216214906254002,59.147606140564,48.37971246,1.75,3.4699999999999998,3.1375860406986877,4.876024381024381,3.1685042780748662,1.990932206922774,6.305195534929287,NA,NA,NA,NA,NA
2004-09-01,0.16,0.19904761904761906,6.469533122991801,22.861507698062198,57.83375553724299,48.407721669999994,2,3.58,3.46287558335234,4.9699892871999936,3.275639682539682,2.2732207387813372,6.180492852891347,NA,NA,NA,NA,NA
2004-10-01,0.171,0.21750000000000003,6.518156635672949,22.9466774132023,62.943605435077,48.54807851,2,3.54,4.201241106316204,5.47835307523163,3.2538836842105265,2.3641457936507932,6.568444642857142,NA,NA,NA,NA,NA
2004-11-01,0.19,0.22571428571428573,7.04053758551161,23.477055512909,63.373358052551005,48.66840218000001,2.25,3.61,4.0718126297821415,5.101400354676272,3.2121666666666666,2.437363703537841,6.190103113554774,NA,NA,NA,NA,NA
2004-12-01,0.22714285714285715,0.27666666666666667,7.113268429346,23.400927865954,66.085423779699,48.48432672,2.25,3.94,4.116437708496395,4.8592402731307285,3.2602454081632652,2.5642377681249267,6.005717141277089,NA,NA,NA,NA,NA
2005-01-01,0.23238095238095238,0.2880952380952381,7.390236142823521,24.986031757624097,60.997060204058,48.33156408999999,2.5,4.04,3.9903059755219576,4.892319597243921,3.156423888888888,2.497073436448773,5.971417540632633,NA,NA,NA,NA,NA
2005-02-01,0.24200000000000002,0.295,7.857201195596801,26.287222915963792,58.26891970198801,48.287271940000004,2.75,4.28,4.121654366906431,4.907047342931697,2.9045422257347915,2.2724650133153936,5.9146708374384245,NA,NA,NA,NA,NA
2005-03-01,0.2509090909090909,0.3113636363636364,8.19158046328748,23.615629008784598,65.160412346315,48.594317800000006,2.75,4.3,4.5502730463681464,5.136151970093433,2.8051323182387,2.1396583598217958,6.035297956790173,NA,NA,NA,NA,NA
2005-04-01,0.27952380952380956,0.3280952380952381,8.192430171044412,25.3299762540978,64.37545096138,49.03075468,3,4.35,4.622210813557625,5.389838888575559,2.6309410020466415,2.0751387704573685,6.086962543557007,NA,NA,NA,NA,NA
2005-05-01,0.3295238095238095,0.3919047619047619,8.808622539444363,26.1973593839363,63.30028316944799,49.16302022000001,3.25,4.430000000000001,4.722706626063303,5.30611137266149,2.3925396001007284,2.084497378847379,5.878546733048363,NA,NA,NA,NA,NA
2005-06-01,0.3333333333333333,0.37238095238095237,8.739999747007069,26.613793636474,62.240974281921005,49.36402821,3.25,4.44,4.689661197513123,5.1387863984373885,2.3330429674548423,1.968823393339716,5.693606586277964,NA,NA,NA,NA,NA
2005-07-01,0.32,0.36857142857142855,9.18402803525509,26.314127717186803,60.627780191039996,49.668388490000005,3.5,4.38,4.773580938362972,5.325941069500371,2.395678588102531,1.9553454043587366,5.804016599008568,NA,NA,NA,NA,NA
2005-08-01,0.31363636363636366,0.36727272727272725,9.357578065327651,26.3808042050356,63.15519641926199,49.81339729,3.75,4.359999999999999,4.908553167022288,5.422676198358114,2.20442391308362,1.8225912375352922,5.781149429344378,NA,NA,NA,NA,NA
2005-09-01,0.33285714285714285,0.3819047619047619,9.052156377093322,26.324558732114003,61.204357372753,50.32574436,4,4.25,5.056661430162527,5.515597789115646,2.2625794444444445,1.8655130689392498,5.8470425284251535,NA,NA,NA,NA,NA
2005-10-01,0.368,0.42200000000000004,9.456733171987493,24.779097877110996,65.63050270845298,50.56437102,4.25,4.2700000000000005,5.576076720315378,6.039828653606965,2.99147,2.656828007518797,6.242425,NA,NA,NA,NA,NA
2005-11-01,0.4147619047619048,0.4838095238095238,9.90783807383627,25.1644414645156,66.99599793774,50.44305604,4.5,4.63,5.8533333333333335,6.233704761904762,3.3491666666666666,3.3349333333333333,6.5261605365526485,NA,NA,NA,NA,NA
2005-12-01,0.4480952380952381,0.5071428571428571,10.139589410765801,25.750929963903797,70.401704127295,50.26202732000001,4.5,5.02,5.86042034841145,6.038390882968833,3.262809523809524,3.1657251760248974,6.302380952380952,NA,NA,NA,NA,NA
2006-01-01,0.4122727272727273,0.45590909090909093,10.2731725726366,26.8401055113455,64.269602795469,50.30384614999999,4.5,5.31,5.712504655515923,6.04399788703552,3.0071304975750923,2.855532637527589,6.194827272727273,NA,NA,NA,NA,NA
2006-02-01,0.3815,0.43100000000000005,10.691751655694699,28.080010671663995,62.488110171123004,50.25661222000001,4.75,5.33,5.80927959612581,6.017237924893534,2.952521674902606,2.693483638195746,6.258,NA,NA,NA,NA,NA
2006-03-01,0.38565217391304346,0.4439130434782609,10.242012151611497,25.220629902156894,68.647650118138,50.55118236,4.75,5.22,5.8450517203230445,6.002382917491598,3.007823188405797,2.775291736879747,6.2989304347826085,NA,NA,NA,NA,NA
2006-04-01,0.3973684210526316,0.45842105263157895,10.696334221909902,26.8123812500882,67.63532098746398,50.878435780000004,5,5.04,5.914633076750848,6.039593196519607,3.0094947368421052,2.718511349976228,6.307368421052631,NA,NA,NA,NA,NA
2006-05-01,0.4140909090909091,0.46272727272727276,10.699763036027301,27.499685252451297,67.86406609835701,51.001610459999995,5,5.03,5.962680510394154,6.110512249326293,3.2334545454545456,2.982011288910762,6.319545454545454,NA,NA,NA,NA,NA
2006-06-01,0.41750000000000004,0.454,10.0914888005923,27.540614539592294,66.44641349268801,51.301702569999996,5,5,6.0673024768075114,6.23763565501994,3.3015,3.1661263821138212,6.444459125,NA,NA,NA,NA,NA
2006-07-01,0.4204761904761905,0.45666666666666667,9.956696994081172,27.283235773047796,64.332903078673,51.58288656999999,5.25,5.1,6.160649189054153,6.345496430475156,3.239995238095238,3.051106102719752,6.548571428571428,NA,NA,NA,NA,NA
2006-08-01,0.42454545454545456,0.465,10.308394808512,26.6396101782853,65.94827348854102,51.713436740000006,5.25,5.05,6.007859878907014,6.167133322172191,3.1169454545454545,3.002845717622044,6.347727272727273,NA,NA,NA,NA,NA
2006-09-01,0.4273684210526316,0.4615789473684211,10.345094933528102,26.5372798000456,65.113551695834,51.72378355,5.25,5.01,5.720869679105317,5.961947368421052,3.0683603832548516,3.0706715078288243,6.019959708126819,NA,NA,NA,NA,NA
2006-10-01,0.42809523809523814,0.46476190476190476,10.3284256051627,26.8742664376268,70.480971763766,51.58824395,5.25,4.95,5.534151227506771,5.745617070357555,2.945938826493974,2.9517726133515603,5.869618122164723,NA,NA,NA,NA,NA
2006-11-01,0.4252380952380953,0.4580952380952381,10.1694224697128,26.970837734170996,70.667382582297,51.498484940000004,5.25,4.819999999999999,5.4747619047619045,5.569999999999999,2.7331809523809523,2.78179483432376,5.600310052821705,NA,NA,NA,NA,NA
2006-12-01,0.4405263157894737,0.4715789473684211,10.246215629482798,27.0849800029482,74.58702089295599,51.546939970000004,5.25,4.7700000000000005,5.5063157894736845,5.557607655502392,2.6741203007518797,2.663967611336033,5.607515789473684,NA,NA,NA,NA,NA
2007-01-01,0.42045454545454547,0.44636363636363635,10.0813509695242,27.904564651345098,67.845191279381,51.70655492000001,5,4.68,5.258234765587395,5.366183871704841,2.6890202702702704,2.6504545454545454,5.493899111616706,NA,NA,NA,NA,NA
2007-02-01,0.41550000000000004,0.4465,9.9487011377283,28.6820361681984,65.116565114977,51.61558096,5,4.58,5.1655,5.335993298750469,2.767260344827586,2.7115,5.519026208642127,NA,NA,NA,NA,NA
2007-03-01,0.42000000000000004,0.44545454545454544,9.81896619104334,26.98843783535159,73.24421919087902,51.83646494999999,5,4.56,5.092263355201499,5.297212768566175,2.647686575052854,2.5854545454545454,5.502494875673826,NA,NA,NA,NA,NA
2007-04-01,0.42250000000000004,0.4515,9.949041120963109,27.7373905815526,71.488095617641,52.135471380000006,5,4.54,5.15274392262323,5.34283257423544,2.6380036842105263,2.4921050051599583,5.6329199999999995,NA,NA,NA,NA,NA
2007-05-01,0.42952380952380953,0.4680952380952381,10.0292543637794,27.886722153152498,71.44079870279599,52.45955557,5,4.39,5.52406162464986,5.740323041430969,2.9466142857142854,2.7946814123426185,6.0720825396825395,NA,NA,NA,NA,NA
2007-06-01,0.44666666666666666,0.4747619047619048,9.82491665142553,27.943047856156497,70.07298634522598,52.95063164,5,4.42,5.835936849630651,6.074452651159023,3.207895238095238,2.9461908692771046,6.4879017857142856,NA,NA,NA,NA,NA
2007-07-01,0.451,0.49,9.985638791564462,28.854555981382802,66.80558838719199,53.54469603,5.25,4.51,6.070568421052632,6.235934394730399,3.17655,2.8223274789040267,6.531067428571428,NA,NA,NA,NA,NA
2007-08-01,0.4645454545454546,0.5040909090909091,9.911397132675118,27.59263685056139,69.29782304721704,54.116268559999995,5.5,4.6899999999999995,6.250210849903296,6.332849341471249,3.103143636363636,2.8983781538842823,6.447177272727273,NA,NA,NA,NA,NA
2007-09-01,0.4864705882352941,0.5335294117647059,10.126112936643201,28.888644870074792,68.79838091988098,54.722550620000014,5.75,4.79,6.191162511516235,6.270588235294118,2.957292041522491,2.7513357739907995,6.3683602713901575,NA,NA,NA,NA,NA
2007-10-01,0.48954545454545456,0.5331818181818182,10.150835175765001,29.010985038932102,73.41599774471202,54.88884245999999,5.75,4.83,6.184372818470717,6.258726536621274,3.0015636363636364,2.825939558107529,6.353480697384807,NA,NA,NA,NA,NA
2007-11-01,0.49142857142857144,0.5304761904761905,10.1663921671149,28.918278266454802,74.134087787802,55.30554276,5.75,4.81,6.102835303639754,6.168095238095238,2.894257080610022,2.8213857142857144,6.222878244188671,NA,NA,NA,NA,NA
2007-12-01,0.5405263157894737,0.5700000000000001,10.2075944626231,29.956424397723396,78.60571238765698,55.559527689999996,6,4.83,6.204546481274653,6.3018190212373035,3.0226315789473683,2.941919636908727,6.363152631578948,NA,NA,NA,NA,NA
2008-01-01,0.5272727272727273,0.5595454545454546,10.546072555411,32.0629770858347,72.021359084329,55.54321949,6.25,4.8,6.486568711928577,6.506498469923201,3.0249047572093413,2.937173442491243,6.554090909090909,NA,NA,NA,NA,NA
2008-02-01,0.5176190476190476,0.550952380952381,10.524295863458699,31.96068943193909,69.92122042109303,55.76208441,6.25,4.9,6.364917877821103,6.350477378644906,2.81432771676435,2.718232147967852,6.343809523809524,NA,NA,NA,NA,NA
2008-03-01,0.5419047619047619,0.5776190476190476,10.6081632164383,29.875170803785696,76.84472844791301,56.22245779000001,6.25,4.819999999999999,6.545999999999999,6.533801670419418,2.6740836806408765,2.3512363305722594,6.5325,NA,NA,NA,NA,NA
2008-04-01,0.5404545454545455,0.5822727272727273,10.5928774028593,30.126329719934198,75.05353197498398,56.42460235,6.25,4.76,6.546702785430059,6.5214191919191915,2.6978985553727393,2.3402271827546786,6.5406008973058265,NA,NA,NA,NA,NA
2008-05-01,0.547,0.5795,10.679569614695302,30.932486904998797,74.87105532644699,57.076518340000014,6.25,4.63,6.899681815290634,6.958579928792138,3.1700066708908645,2.8038527219297307,7.017644679126694,NA,NA,NA,NA,NA
2008-06-01,0.5604761904761906,0.6085714285714285,10.876301272723202,30.744248148501697,73.741646042606,57.92462275,6.75,4.72,7.537346721359866,7.560013351849134,3.4216259996434917,2.861003829512236,7.567278918104828,NA,NA,NA,NA,NA
2008-07-01,0.5727272727272728,0.6277272727272727,11.428753715123399,31.240313742673894,71.17561437682897,58.58077708,7.25,4.87,8.048639964746497,7.797964850121902,3.3853038774978703,2.9127493002155767,7.804599371908388,NA,NA,NA,NA,NA
2008-08-01,0.6164999999999999,0.6819999999999999,11.872771857100902,32.0145710909388,70.78654791299599,59.12693863000001,7.75,4.819999999999999,8.382579172944707,8.03551413133832,3.4007109472778696,2.953555827932169,7.888930249691555,NA,NA,NA,NA,NA
2008-09-01,0.703,0.78,12.804720313383301,34.024364909569805,70.220106541471,59.75523484000001,8.25,4.8,8.598,7.767917695801131,3.3980163853511853,3.1862162315911187,7.6537146209379,NA,NA,NA,NA,NA
2008-10-01,0.7439130434782608,0.8465217391304348,15.148505762149698,35.76089780252531,75.25192537809201,60.28338077,8.25,5.34,7.303260916984651,6.838953217432616,3.1786173757149956,3.1985043900198087,6.82243621887465,NA,NA,NA,NA,NA
2008-11-01,0.6719999999999999,0.738,15.128786233759701,36.0718420361127,74.10555369867701,60.20951295000001,8.25,5.6899999999999995,6.775703152997952,6.5915,3.281737916101535,3.4443665089666853,6.532445261595557,NA,NA,NA,NA,NA
2008-12-01,0.6915,0.724,14.910910610780201,36.85158168141298,78.49205498569302,59.499634990000004,8.25,5.7700000000000005,6.525038623188878,6.0985045471111645,3.2021284472088634,3.4667629333153234,6.083062051643482,NA,NA,NA,NA,NA
2009-01-01,0.579047619047619,0.5671428571428572,13.5112458646691,36.33417145195999,71.01296947012702,59.0458628,7.25,5.92,5.7340033775194215,5.50543667847643,2.92099306527495,3.1892925592900943,5.571221596898103,NA,NA,NA,NA,NA
2009-02-01,0.43,0.4095,12.2157947060754,36.1897767949574,67.35317472083,58.279085370000004,4.75,5.53,3.9073165448883627,4.3510729079918775,2.4474980434256075,2.1391252957571485,4.844531842265052,NA,NA,NA,NA,NA
2009-03-01,0.24045454545454545,0.25,10.0588162851225,32.2310900560189,75.47801242437001,58.30203791,2.25,4.9,2.746253843660906,4.0753005807942255,2.4016208684640166,1.6686826486646027,4.8865361383572825,NA,NA,NA,NA,NA
2009-04-01,0.19,0.2061904761904762,8.766351446674308,29.9749702923983,73.30101902422301,58.21222299000001,1.75,4.42,2.4927935441239555,4.4451627702449565,2.617846797174188,1.8096725262473032,5.44083944275636,NA,NA,NA,NA,NA
2009-05-01,0.13263157894736843,0.15789473684210528,8.071368333942859,29.5665870190954,72.779489795381,58.087574569999994,1.25,4.4556453691489795,2.3619942264609928,4.476340273763,3.0194687619461456,2.60578947368421,5.687311867173024,NA,NA,NA,NA,NA
2009-06-01,0.11,0.13904761904761906,7.984518348795669,28.9061914956599,71.269542073,58.28249465,0.75,4.609999999999999,2.680395142255003,4.833721142475513,3.0279691859274402,2.584947235402291,5.890075838871513,NA,NA,NA,NA,NA
2009-07-01,0.06681818181818182,0.11181818181818182,7.240847234369831,27.909352390439896,68.749135142568,58.03256151,0.5,4.619999999999999,2.203239015464024,4.639232137415644,2.8665861592669453,2.482895308366983,5.745703031120466,NA,NA,NA,NA,NA
2009-08-01,0.0425,0.0645,5.987396698687601,24.573743511369393,71.48867215327098,57.76538133000001,0.5,4.56,1.4543584658650004,4.392366612688247,2.9395072909105915,2.5548038235355692,5.608758641359601,NA,NA,NA,NA,NA
2009-09-01,0.05095238095238095,0.09047619047619047,5.7749809206789084,26.523264242632898,70.422142442318,58.42214034000001,0.5,4.49,2.2013656900718472,4.912328940370621,2.8653699479094397,2.1788972770732635,5.8527974381504615,NA,NA,NA,NA,NA
2009-10-01,0.05333333333333334,0.10285714285714286,5.61346545378225,26.667814255904602,75.06519075309399,58.417743279999996,0.5,4.35,2.922186822850997,5.174428253885485,2.8635816648048817,2.2068615263303872,5.98050903613056,NA,NA,NA,NA,NA
2009-11-01,0.05047619047619048,0.11904761904761905,5.247571938847309,27.258339937912595,76.25312020195801,58.18649888,0.5,4.28,3.010341553287982,5.388031601443514,3.187144440733475,2.6450203333228868,6.164408452839621,NA,NA,NA,NA,NA
2009-12-01,0.058499999999999996,0.12100000000000001,4.739766636124211,26.556523975162094,79.446361235564,57.965702480000004,0.5,4.541432542088,2.8446915436214963,5.362649238883026,3.2873516899663002,2.856010778287567,6.3108499785283705,NA,NA,NA,NA,NA
2010-01-01,0.0485,0.097,7.040624886705749,30.3539149645281,72.47864702852598,58.26611009000001,0.5,4.58383099847222,3.2209725628268044,5.317501186048244,3.1875449975224726,2.608448350820785,6.389002565400107,NA,NA,NA,NA,NA
2010-02-01,0.047,0.1315,5.6279494904808605,29.546125999726197,69.784255933159,58.42983636,0.5,4.602983965524699,3.7302054228765233,5.394860696779419,3.1079015448684864,2.230081203795569,6.3957443526046,NA,NA,NA,NA,NA
2010-03-01,0.052173913043478265,0.1082608695652174,5.420358691920961,27.98245903196259,75.71406139248299,58.47896616,0.5,4.27558551498422,3.5431191308993912,5.456893318829604,3.121668646349217,2.1245913221440045,6.467190494662623,NA,NA,NA,NA,NA
2010-04-01,0.05380952380952381,0.09714285714285714,5.444336526418559,27.308355461376802,77.83615367934603,58.74925575,0.5,4.12752778433854,3.7144244272981783,5.659028093574879,3.1177438387827787,2.267604144351206,6.472571337480377,NA,NA,NA,NA,NA
2010-05-01,0.0605,0.14750000000000002,5.104336023932279,27.304549003186796,77.265079570532,58.96065308,0.5,4.180987596762879,3.8873234534612395,5.607901998063202,2.980645953446005,2.2831467359140296,6.364313793782624,NA,NA,NA,NA,NA
2010-06-01,0.07857142857142857,0.17476190476190476,5.26450163872313,27.305817463765898,76.18644417565699,58.96086817,1,4.064804215585048,4.08433737571382,5.66463726831848,2.985302600343727,2.3835315292609693,6.365788068251161,NA,NA,NA,NA,NA
2010-07-01,0.1366666666666667,0.22904761904761906,5.8647111374861085,28.120906910575098,74.112635101111,59.33962672,1.5,4.025876707703489,4.517034329873378,5.701628627178191,2.8631958356198925,2.341688028683891,6.257121884546996,NA,NA,NA,NA,NA
2010-08-01,0.21545454545454545,0.3090909090909091,6.913705921361671,27.514632756625197,77.296542693899,59.28129131,2,4.064727342017529,4.809311936314392,5.673101219658657,2.7023544820430456,2.283256148516724,5.975469199190362,NA,NA,NA,NA,NA
2010-09-01,0.24700000000000003,0.33749999999999997,6.868685981201899,28.0029712610416,75.05015526522001,59.51837645,2.5,4.0002791868918814,4.746047566477654,5.599636714152407,2.8445038198884487,2.4945792253075125,5.96319877913613,NA,NA,NA,NA,NA
2010-10-01,0.2695,0.364,7.1399747697497995,27.252425282524694,80.06167938822502,59.57673322000001,2.75,4.14044238276809,4.906488281907971,5.7291514913522565,3.0935614117162387,2.717057407051878,6.102021926714735,NA,NA,NA,NA,NA
2010-11-01,0.2823809523809524,0.35047619047619044,7.18723913375355,27.341910117002005,82.742487762095,59.6186661,3,4.350280260822929,4.88115730851955,5.7702806829727455,2.9862751423834153,2.647615722044971,6.168201557703552,NA,NA,NA,NA,NA
2010-12-01,0.30904761904761907,0.38,7.379796927182121,26.441702931038794,85.153296099552,59.688946370000004,3.25,4.37113062194567,5.0955279638157105,5.76567356422182,2.9104004075926473,2.6601437035490862,6.113865418743247,NA,NA,NA,NA,NA
2011-01-01,0.31238095238095237,0.37,7.5991038176093495,27.0938928234382,78.010367477195,59.85052154999999,3.25,4.337310720655489,5.6989926126844725,6.173333333333333,3.1778963517709196,2.7665091496318976,6.5611303322060275,NA,NA,NA,NA,NA
2011-02-01,0.319,0.401,7.90657083239203,26.447192406930498,74.27906463084301,59.98823024000001,3.5,4.353309404459662,5.865722248910159,6.602184639301177,3.161025840156569,2.652033586994764,6.872065700849029,NA,NA,NA,NA,NA
2011-03-01,0.3526086956521739,0.4291304347826087,8.25234134561869,25.881261764441703,84.79644739572099,60.44695444,4,4.392648860521749,5.864094858154244,6.455799525690038,2.9216304456396283,2.4335886659742236,6.580012636562091,NA,NA,NA,NA,NA
2011-04-01,0.393,0.466,8.423425558233912,27.11788571561511,82.41745472330102,60.639754270000005,4.5,4.305976650729259,6.037477699133286,6.3485223928218595,2.8698749089778794,2.4659809768976286,6.416608745194831,NA,NA,NA,NA,NA
2011-05-01,0.4513636363636364,0.5068181818181818,8.658781183905779,27.319752293923596,82.970070411295,60.88221744,5,4.159999999999999,6.005177777777778,6.221245010867681,2.890918852891063,2.6067279458423394,6.284909826916479,NA,NA,NA,NA,NA
2011-06-01,0.46952380952380957,0.5014285714285714,9.099138038148062,26.9408506678349,80.37144513884299,60.98553819000001,5.25,4.13,5.994397828200231,6.190347665559381,2.9080544865363356,2.624016772941778,6.270205047733392,NA,NA,NA,NA,NA
2011-07-01,0.47714285714285715,0.5076190476190476,9.48090834946641,27.438141379243998,77.225680203992,61.06296771,5.25,4.13,5.9882144054511945,6.098060428868061,2.908469726272398,2.7265049872478677,6.179455829563424,NA,NA,NA,NA,NA
2011-08-01,0.4727272727272728,0.48818181818181816,9.61,27.68,80.76100654037002,61.16198098,5.25,4.17,5.413162756657055,5.4947015155059775,2.618830670729549,2.5743468407903767,5.5650368830055275,NA,NA,NA,NA,NA
2011-09-01,0.4542857142857143,0.4661904761904762,9.3,28.74,78.67031835087397,61.46596759,5.25,4.17,4.87816377538369,4.933747841491394,2.23663176194489,2.002033431147909,5.0522569841881895,NA,NA,NA,NA,NA
2011-10-01,0.46263157894736845,0.47947368421052633,9.59,27.73,84.17877575268895,61.76433131000001,5.25,4.109999999999999,4.698057991030505,4.827896296563344,2.3474445002114184,2.0423744046133785,5.100889191770397,NA,NA,NA,NA,NA
2011-11-01,0.47809523809523813,0.4942857142857143,9.5,26.959999999999997,86.44629362772402,61.96031543000001,5.25,4.1499999999999995,5.00328963076771,5.211715567010372,2.7242777811136767,2.4952344070471897,5.462210031315284,NA,NA,NA,NA,NA
2011-12-01,0.5157142857142857,0.5090476190476191,9.28,27.479999999999997,91.043493166839,62.33778232,5.25,4.26,4.940194977336424,5.042785243170547,2.5973687365196327,2.4702983775101175,5.290954181711851,NA,NA,NA,NA,NA
2012-01-01,0.455,0.45954545454545453,9.39,28.04,82.48850775211999,62.39264954,5,4.33,4.8000205025002165,4.930825834394588,2.37868580436612,2.192124182610596,5.072551907103417,NA,NA,NA,NA,NA
2012-02-01,0.4404761904761905,0.45681818181818185,9.46,29.810000000000002,79.58391281066298,62.63497988,5,4.319999999999999,5.066642409484723,5.135020989039244,2.360215657419479,2.1650171525786477,5.294448244227398,NA,NA,NA,NA,NA
2012-03-01,0.47090909090909094,0.49954545454545457,9.33,27.97,89.288491287334,62.73719852000001,5,4.29,5.487875571308289,5.607053285796841,2.567233764591544,2.3487603012122307,5.786805935844257,NA,NA,NA,NA,NA
2012-04-01,0.47400000000000003,0.5025000000000001,9.84,28.97,87.623528867105,62.76900883000001,5,4.37,5.5313375730457794,5.7111428510354765,2.583284237980573,2.45412958373613,5.822207204286857,NA,NA,NA,NA,NA
2012-05-01,0.47761904761904767,0.5045454545454545,9.969018525662312,27.931544579865694,88.03861747833001,62.78826403,5,4.35,5.2446384913140545,5.425276429568399,2.4404783053813213,2.3228271051897713,5.509679589048701,NA,NA,NA,NA,NA
2012-06-01,0.4785714285714286,0.5085714285714286,9.449077180001368,28.013292606401098,86.063196111227,62.60231871000001,5,4.3,5.039968078327453,5.228238119659913,2.4552522209757663,2.368896859446544,5.353373551506652,NA,NA,NA,NA,NA
2012-07-01,0.461,0.47250000000000003,9.42893469838858,28.0070344328368,82.96326268102102,62.59408811,5,4.35,5.0044412147677395,5.145596468096149,2.5036802167848986,2.4407046271618023,5.20793045592192,NA,NA,NA,NA,NA
2012-08-01,0.45636363636363636,0.45636363636363636,9.64312461792045,27.7289703324582,86.65082638185,62.73251660000001,5,4.2700000000000005,5.200291852059682,5.2873793369263815,2.4163656951503283,2.313592979660418,5.3164119084530554,NA,NA,NA,NA,NA
2012-09-01,0.47210526315789475,0.48736842105263156,9.53469323009596,28.4819819745244,82.73009513731999,63.21465473,5,4.31,5.2284748699732155,5.326018213917016,2.3424182790512584,2.298865948939438,5.352486703574006,NA,NA,NA,NA,NA
2012-10-01,0.47681818181818186,0.5139130434782608,9.428074432333378,27.428407140606197,89.84744624765099,63.56781777,5,4.34,5.258502268523179,5.371381805616922,2.3785463521002157,2.3391810462193217,5.406122041191301,NA,NA,NA,NA,NA
2012-11-01,0.46950000000000003,0.5038095238095238,9.19152535815409,25.904770674609598,91.59647673300499,63.28152235,5,4.34,5.410624415894037,5.4502431221205105,2.4812644812067575,2.477727256382133,5.476210992816157,NA,NA,NA,NA,NA
2012-12-01,0.49,0.5068421052631579,8.938005482087409,25.658055267009203,94.69043128577201,63.264723090000004,5,4.38,5.481592529685564,5.509243785413386,2.5360262890899152,2.5956606883758466,5.5086179647814815,NA,NA,NA,NA,NA
2013-01-01,0.4572727272727273,0.46090909090909093,9.31126632798342,25.8917023280248,86.554672664635,63.37718392,5,4.430000000000001,5.565450198299835,5.605556592858794,2.650616959017611,2.6850322844523213,5.617204122731687,7.9345490200935505,13.885975581647902,17.8792414954221,NA,NA
2013-02-01,0.4425,0.454,9.676705483834189,26.686751233779397,82.285195359712,63.45231102,5,4.52,5.540359261081256,5.643522048324406,2.6616962279439487,2.6938619633279886,5.669880132321262,8.74792656357999,12.8410790769394,18.011629898911497,NA,NA
2013-03-01,0.4415,0.4525,9.28525449365484,26.561767147938298,92.915157208564,63.80592848,5,4.53,5.469069148053245,5.558272300546769,2.5658484705136013,2.5943707903494118,5.6003186386419,6.84248920734337,10.9932088542775,15.956792963243903,NA,NA
2013-04-01,0.4122727272727273,0.4122811988479046,9.219999999999999,25.74,91.36856908871302,63.69343683000001,5,4.53,5.258773454069313,5.277786389478494,2.432699622701133,2.46801469640161,5.2810538189919365,7.1537193513329695,11.1186296564102,16.218474186202503,NA,NA
2013-05-01,0.39981642404154766,0.41846155829583337,9.129999999999999,26.62,90.69873913529499,63.65987997,5,4.51,5.044591114904773,5.137258387498271,2.384371833302227,2.402668355606825,5.16666123288781,7.09240921520107,10.892780111542802,16.350231273634698,NA,NA
2013-06-01,0.4180690605263901,0.43445628544893006,9.036,26.36,88.64666607870801,63.95184017999999,5,4.45,4.896487740722052,5.201483164265038,2.337850204918096,2.264255248665548,5.275862930688187,7.0045079652684885,11.069089415975002,15.956952948129203,NA,NA
2013-07-01,0.4268753012431046,0.44422529633709545,9.219999999999999,26.99,85.49804911600799,63.986232730000005,5,4.46,4.891573177670212,5.181704624872146,2.2807518563952915,2.233943408872828,5.294773233217689,7.236011946619709,11.115715035807101,16.277407031945096,NA,NA
2013-08-01,0.4314285714285715,0.4438095238095238,8.896549355718493,27.4107644997725,88.96484131586,64.16824618999999,5,4.49,4.894505668733349,5.142714147129204,2.2690639892300175,2.2031590508182424,5.269818735438747,7.1250367041909595,10.666535082401301,15.5915626720465,NA,NA
2013-09-01,0.43222222222222223,0.44833333333333336,9.243501248181868,27.456714660823696,85.27349161843098,64.48149235,5,4.37,5.007241638076198,5.161713337833305,2.2765790508640356,2.206791294901628,5.266206208177777,6.894534036762368,11.022305956129001,14.208048831901,NA,NA
2013-10-01,0.4186363636363637,0.43772727272727274,8.817185669740601,26.863969371184798,92.312526870442,64.6732601,4.75,4.39,4.78615417513832,4.961627028353799,2.2535003841075008,2.219117456324298,5.159537956198652,7.188372445301761,10.1748858457621,15.7667279381791,NA,NA
2013-11-01,0.386,0.3995,8.891373154584809,26.78323487487789,94.52653173495598,64.83121720000001,4.5,4.359999999999999,4.487960101109754,4.643741310345022,2.130255969880053,2.023922703523974,4.964596417034052,6.6389807958743905,11.0910985094065,15.5798751766647,NA,NA
2013-12-01,0.3825,0.3955,8.3457161833634,26.061785231993294,96.98060965091402,65.06022325000002,4.5,4.359999999999999,4.590431209586155,4.84736365437894,2.140430680485029,2.026216137783112,5.138932327928903,6.439636052494981,10.4377509090147,15.9879036080035,NA,NA
2014-01-01,0.37227272727272726,0.37636363636363634,8.57,26.41,88.078671663367,65.17668422999999,4.5,4.319999999999999,4.436314178917251,4.7542081727796015,2.0856442416283687,1.9168096452024963,5.056941943257618,6.42,10.82,16.779999999999998,11.76,36.44
2014-02-01,0.3532075,0.37100154347783687,8.53,26.87,84.83808137997099,65.49387898,4.25,4.3,4.330260460104887,4.829706051063567,2.0422119284329425,1.8283447269982636,5,6.35,10.29,16.79,12.06,35.620000000000005
2014-03-01,0.3437752380952381,0.3419126316384395,8.47,24.53,95.26398718924501,66.042266352845,4,4.3,4.152606238066981,4.859656956998413,1.9914897725653091,1.7052141581939477,5.018711929270386,6.26,11.38,15.11,10.229999999999999,35.32
2014-04-01,0.32525666666666664,0.32678937272284736,8.719999999999999,26.130000000000003,92.83872836773298,66.45236711999999,4,4.25,3.9170669119804296,4.721341673746829,1.885104271108532,1.6791602798875547,4.914359960899845,5.970000000000001,11.07,15.25,12.450000000000001,33.64
2014-05-01,0.3259204761904762,0.3372876530602184,8.55,27.43,92.54806051706,66.67673285999997,4,4.14,3.978339455182329,4.732089135307163,1.8950856682583728,1.6143898928504727,4.95964416395853,5.8,11.07,15.47,20.01,34
2014-06-01,0.32523761904761905,0.35081868426506163,8.219999999999999,26.58,89.94204328404803,66.71125134000002,4,3.94,3.887836142794862,4.553301324845761,1.829605578303991,1.6738449180879211,4.856438981945807,6.2,9.48,15.229999999999999,14.91,33.32
2014-07-01,0.32904545454545453,0.33283262055960094,8.05,24.959999999999997,86.08712198050101,66.86618907,3.75,3.86,3.636562825314902,4.285123758762032,1.7657241157289363,1.57052251476954,4.66245634056689,5.6499999999999995,10.1,15.2,10.639999999999999,32.18
2014-08-01,0.302302,0.30131405630420416,7.67,24.74,89.666893555672,67.08328666000001,3.5,3.67,3.2848970544927787,3.9900986658747972,1.404274131217415,1.2598088831062975,4.342398030984121,5.5,9.11,14.59,9.88,32.27
2014-09-01,0.2930275,0.2789892366668242,7.35,24.959999999999997,87.37238029248796,67.64468046000002,3.25,3.58,3.071916705526773,4.275126907937945,1.5450818234339565,1.250391728363177,4.590266550275149,5.26,8.83,14.39,9.5,32.620000000000005
2014-10-01,0.2960786363636364,0.28540915200905953,7.31,24.14,94.00062558032802,68.34881518,3,3.57,3.3441912828274694,4.195053353216598,1.5928151205806669,1.32219530353805,4.633357254267037,5.319999999999999,8.870000000000001,14.48,9.69,31.3
2014-11-01,0.29123450000000006,0.29742004759456775,6.9,23.93,95.32877249959998,68.36575368000001,3,3.65,3.2058202342059037,4.045588954259642,1.54054270370788,1.3649569962658246,4.441608726526023,5.22,8.2,14.76,9.78,30.91
2014-12-01,0.294364,0.3046040815818797,6.88,23.7,99.349040900448,68.08316913,3,3.73,3.0390779099596936,3.9132840232240595,1.503010681989942,1.3696566825340835,4.363199321804625,5.2700000000000005,7.970000000000001,15.01,9.01,30.32
2015-01-01,0.27672380952380954,0.27436569278570716,7.07,24.09,90.41766668000504,68.13588542,3,3.75,3.0126354608318158,3.774846657895989,1.3967122241802876,1.2872049220008261,4.184115343468209,5.28,8.32,15.33,10.07,29.650000000000002
2015-02-01,0.271174,0.27146908782021134,7.13,25.23,87.073518075102,68.37555972999999,3,3.73,3.2621514777132377,3.88255508807749,1.2350380641048468,1.02754483667198,4.203211930174903,5.52,7.8,15.4,10.8,30.419999999999998
2015-03-01,0.2775004545454546,0.2886985626601847,7.1499999999999995,23.3,97.390514439681,68.80550449,3,3.67,3.5604020819882343,4.082878490374244,1.233524888127667,0.9090868072041345,4.342276391876893,5.45,8.17,13.729999999999999,9.8,30.64
2015-04-01,0.28480571428571433,0.303617320896769,7.04,23.62,95.09672837215798,69.20102898000002,3,3.6,3.6469462442177494,4.21833001829691,1.3585668345785806,1.0617181261147195,4.492530743038523,5.57,7.89,14.2,9.92,30.34
2015-05-01,0.2938305263157895,0.31066344801830226,6.88,23.779999999999998,93.71220589591601,69.3232892,3,3.61,3.6574999999999998,4.238487891745449,1.5366133275840137,1.194714883605871,4.55616489546157,5.28,8.08,14.09,9.79,29.939999999999998
2015-06-01,0.2919461904761905,0.3116277846438621,7.06,23.479999999999997,92.15014315608798,69.65915007,3,3.66,3.4501768954475422,4.208327321698205,1.6405256264070458,1.1985488371277233,4.653217358861111,5.71,8.08,13.97,9.4,28.84
2015-07-01,0.2944404545454546,0.30881610142694255,6.83,22.91,88.23181199116202,69.95364643,3,3.67,3.365823259709682,4.048487402670177,1.5118744106310018,0.9784979611742932,4.5509438761049354,5.53,7.56,14.25,9.46,28.34
2015-08-01,0.29677476190476193,0.3102907629504847,7.07,23.52,90.88863797542298,70.42628433,3,3.63,3.58211606315209,4.056701804855615,1.4359988681424352,0.8825072563136426,4.51441581507141,5.7,7.819999999999999,13.96,9.47,29.77
2015-09-01,0.3062957142857143,0.32526062608547884,6.34,23.23,89.96902733184702,70.78665020000001,3,3.65,3.902334249890777,4.204505733163499,1.553254237825048,1.075413685790927,4.607369327830362,5.52,6.78,13.93,9.450000000000001,29.4
2015-10-01,0.3125552380952381,0.3377620530317193,6.24,23.14,95.106440692775,71.07538699999998,3.25,3.64,3.867973293994551,4.183546043965263,1.4607817074407357,1.1657407214948772,4.466188963804133,5.76,6.28,14.3,10.11,28.62
2015-11-01,0.32019238095238095,0.3644162351971594,6.930000000000001,22.71,97.42190972464802,71.05708794,3.25,3.72,3.9895870392310084,4.3236328748470765,1.5715702819464699,1.295488168228149,4.5659994054975686,5.609999999999999,7.609999999999999,14.68,10.01,28.419999999999998
2015-12-01,0.3314855,0.375042793875955,6.859999999999999,22.830000000000002,101.42633911096999,71.06419895,3.5,3.77,4.141729116190998,4.398345966805054,1.5907651392391315,1.3639944449779255,4.626223522374661,5.91,7.37,14.97,9.62,28.56
2016-01-01,0.3315395,0.3758714337149281,7.28,23.39,92.08279223413798,71.39867924,3.5,3.8323364446336297,4.129663129833423,4.305504440152043,1.553459748530621,1.23287190303885,4.5635836319845975,6.13,7.74,15.450000000000001,10.25,28.27
2016-02-01,0.32434666666666667,0.35992456744299717,7.75,23.87,90.823609958958,71.59714628000002,3.5,3.82854254701905,3.996008744918094,4.220131497461626,1.3958287711569666,1.0925019280673205,4.446363874045281,6.359999999999999,8.129999999999999,15.350000000000001,10.629999999999999,28.66
2016-03-01,0.3222209090909091,0.35192658432451196,7.71,22.69,100.17965075824,71.86875554999999,3.5,3.8056222561863304,3.9128936833980483,4.2082469145541115,1.3980613207146682,1.1246350797409161,4.439795163738146,6.1,8.5,14.01,9.47,28.74
2016-04-01,0.3128971428571429,0.3340684191186803,7.470000000000001,23.310000000000002,95.67541439610498,72.10301175,3.5,3.7853394200906103,3.820727978083562,4.134876777282256,1.3916128545407227,1.1255387506067838,4.392568882051758,5.92,8.39,14.239999999999998,9.51,29.259999999999998
2016-05-01,0.31238,0.3290462530102368,7.45,22.87,95.63699885954799,72.26484760000001,3.5,3.7880666525968403,3.8297199044559935,4.18348908303007,1.48767079705454,1.1826801603896329,4.501842391834473,5.7700000000000005,8.66,14.25,9.719999999999999,28.62
2016-06-01,0.31295523809523806,0.3318901522077798,7.159999999999999,23.12,93.19873179427098,72.58987498,3.5,3.7565380192537394,3.869461594246665,4.164289787866188,1.5270283184324895,1.1547765011919997,4.545489070813291,5.78,7.930000000000001,14.219999999999999,10.68,28.56
2016-07-01,0.31159380952380955,0.33388459064990306,6.81,23.19,89.16038010301398,72.76548778,3.5,3.7261514037301398,3.7734409833308433,4.06544516492652,1.4217598081116651,1.0958916752414172,4.406804228490917,5.68,7.17,14.58,10.8,28.34
2016-08-01,0.3064809090909091,0.3249997439443273,6.75,22.779999999999998,93.78974794419399,72.8010285,3.5,3.72055239204381,3.6533662468583246,3.9766308113644326,1.3247603432566282,1.0616700871234483,4.289105334955212,5.79,6.96,14.38,10.67,28.22
2016-09-01,0.3083766666666667,0.32647724330135075,6.88,23.16,91.49474509987901,72.97820730999999,3.5,3.663713553951431,3.6375954882940817,3.938341389892157,1.245459253161442,1.0086018003076522,4.223877597658,5.859999999999999,7.119999999999999,14.350000000000001,10.67,28.279999999999998
2016-10-01,0.3110157894736842,0.3295087181918102,7.68,23.2,94.731691176603,73.09920241,3.5,3.55804410875675,3.5355358034344007,3.8424126279149875,1.2591620797882779,0.9903361474561256,4.20305605874201,5.619999999999999,9.27,14.61,10.77,28.130000000000003
2016-11-01,0.30372380952380956,0.3311713603461943,7.57,22.64,98.69999912654299,73.13850126,3.5,3.51030170517014,3.7172391329608274,4.133390193778002,1.5771681670999558,1.4225350011389095,4.4769725616393075,5.609999999999999,8.92,14.729999999999999,9.82,28.18
2016-12-01,0.3124671428571429,0.3343399426616633,7.64,22.38,103.02566861012,72.98913241,3.5,3.5887658663321305,3.524531257506211,3.9300068431417916,1.47354644491341,1.1674151185689645,4.373863097327667,5.53,9.66,14.58,7.859999999999999,28.01
2017-01-01,0.2909166666666667,0.29876618060058985,7.88,23.04,92.49762216932402,73.38334476,3.25,3.6161869924987196,3.3239236559180143,3.765551992043952,1.2878731677859971,0.9502105009493221,4.167268450054527,5.51,9.76,15.27,8.51,27.9
2017-02-01,0.2772795,0.27662603914120243,8.84,23.34,89.14800538023201,73.55901986,3.25,3.55,3.3097311849523945,3.7393744511557756,1.225245422370135,0.8394310562421154,4.152218285333778,5.58,10.93,15.12,8.51,27.939999999999998
2017-03-01,0.27260869565217394,0.27521739130434786,8.18,22.02,100.45563676548,73.84019816,3,3.4699999999999998,3.1938527252434605,3.721540864287854,1.2560938730784943,0.8279680788931775,4.2011979363563325,5.319999999999999,10.99,13.59,7.03,28.34
2017-04-01,0.2516666666666667,0.2561111111111111,7.48,22.830000000000002,95.35950385123701,74.01698537,2.75,3.42,2.944251474189904,3.520569705646113,1.0976099419894338,0.7162414431032038,3.9007399301342973,4.7700000000000005,9.79,13.99,7.319999999999999,28.259999999999998
2017-05-01,0.24090909090909093,0.24363636363636365,7.03,21.88,96.948867824757,74.11089323,2.5,3.36,2.8712095610919697,3.6700966577803147,1.2008172880548749,0.8946591118960824,4.026835902550653,4.88,8.49,13.719999999999999,7.84,27.51
2017-06-01,0.2261904761904762,0.23714285714285716,7.25,22.2,94.23219464377901,73.82198596,2.5,3.29,2.7943794786626066,3.6585847710411077,1.2482448469355105,0.9621141368212238,4.010153702237746,4.8,8.81,13.53,8.209999999999999,27.419999999999998
2017-07-01,0.2261904761904762,0.24285714285714285,7.08,22.01,90.89634118378397,73.99997491,2.5,3.2,2.7358948340940623,3.658995947124535,1.467637975297426,1.145364470764905,4.221016854669055,4.81,8.75,13.83,8.350000000000001,27.01
2017-08-01,0.2231818181818182,0.23772727272727273,6.79,21.45,95.88375053900799,74.14955107,2.5,3.19,3.10522123015873,3.623979081882456,1.4716806950663261,0.9753130657011637,4.328378613299106,4.54,8.68,13.39,7.8,26.810000000000002
2017-09-01,0.22263157894736843,0.2305263157894737,6.9,22.06,92.84800080742798,74.03745499000001,2.5,3.2,3.15945110864745,3.678725583260777,1.473309692720428,1.0254608294128222,4.317870669173722,4.56,8.55,13.4,7.470000000000001,27.130000000000003
2017-10-01,0.221,0.23450000000000001,6.67,21.650000000000002,97.83178920484501,74.47186463000001,2.5,3.2600000000000002,3.290962077138547,3.811891020807369,1.782994876137073,1.3965143055406974,4.488556796336597,4.6,8.01,13.57,7.8,26.74
2017-11-01,0.22285714285714286,0.24095238095238097,6.57,21.150000000000002,102.10587787943997,74.5356053,2.5,3.3499999999999996,3.4723547405823827,3.88385239426055,1.775276997260882,1.2568305787277307,4.508403692690058,4.54,8.43,13.51,7.18,26.87
2017-12-01,0.2305263157894737,0.2563157894736842,6.5,21.34,105.74919390130003,74.64568910999999,2.5,3.48,3.511957278035644,4.018736082207177,1.9122715800337737,1.4825689746315787,4.616859309316206,4.609999999999999,7.81,13.98,6.29,26.86
2018-01-01,0.22772727272727272,0.23318181818181818,6.38,21.67,96.902527717273,74.98944988000001,2.5,3.52,3.3109456649689135,3.9320660535895584,1.83761308221019,1.3060785049423085,4.523825473057842,4.54,8.01,13.99,7.859999999999999,26.77
2018-02-01,0.222,0.231,6.94,22.45,92.86682791111701,75.06722121000001,2.5,3.54,3.3235668982610007,3.9723746774667825,1.7864433560963444,1.1715305907927265,4.54648445455077,4.64,7.9,13.9,8.450000000000001,27.27
2018-03-01,0.22333333333333333,0.2342857142857143,6.1899999999999995,20.91,105.27264033824,75.21807971,2.5,3.5,3.3505530100570873,4.018415631851425,1.7502024525248598,1.210305916075422,4.493291521774912,4.25,8.02,12.75,6.95,27.4
2018-04-01,0.22142857142857145,0.24333333333333335,6.2700000000000005,21.2,102.01646828916002,75.41935551,2.5,3.4499999999999997,3.2786823223953614,3.897128707881004,1.6584901919604247,1.214235383381526,4.417883099083926,4.430000000000001,7.859999999999999,13.08,7.81,27.27
2018-05-01,0.2138095238095238,0.2285714285714286,6.14,20.979999999999997,101.52246775892999,75.61433330999999,2.5,3.4099999999999997,3.3635868517066516,4.003429218405634,1.6320866538186314,1.1973907322823614,4.502294734368335,4.619999999999999,6.859999999999999,12.97,7.91,26.5
2018-06-01,0.20952380952380953,0.23333333333333334,6.05,21.29,98.31662247776501,75.68390279999998,2.5,3.34,3.405747984641878,4.080487805544624,1.5957348958619735,1.097582724330987,4.5765164501653395,4.71,6.7,12.7,8.28,26.64
2018-07-01,0.2175,0.23950000000000002,6.23,20.979999999999997,93.70099397811902,75.92989246,2.5,3.3299999999999996,3.3704659451576653,4.121129636992797,1.570994788604367,1.0579437925131794,4.564861135033224,4.33,7.53,13.19,8.01,26.27
2018-08-01,0.21454545454545457,0.2372727272727273,6.319999999999999,20.459999999999997,98.20319693930801,75.99406685000001,2.5,3.23,3.427555716871311,4.065846495277925,1.525,0.9476392514064274,4.477966129638909,4.57,7.1899999999999995,12.89,7.6,26.08
2018-09-01,0.21941176470588236,0.24941176470588236,5.98,21.32,94.41439330527503,76.14730773,2.5,3.22,3.6702674200900227,4.108765211277613,1.526666666666665,0.9954555807069156,4.5009785830728815,4.44,6.6499999999999995,12.78,7.96,26.36
2018-10-01,0.22681818181818184,0.2695454545454546,6.01,20.130000000000003,102.19162996750002,76.44888518,2.75,3.17,3.8941056614619933,4.259659969724841,1.58,1.19551326904871,4.568726597556582,4.6899999999999995,6.55,13.07,7.470000000000001,25.73
2018-11-01,0.2325,0.29200000000000004,6.05,20.71,105.56211613867998,76.38517898999999,2.75,3.23,3.8410260559868594,4.226292310844748,1.58,1.3138711570269004,4.461596616444407,4.74,6.74,13.29,7.22,26.02
2018-12-01,0.2368421052631579,0.28578947368421054,6.18,20.58,109.03011517857999,76.24384330000001,2.75,3.2800000000000002,3.6773200353644673,4.1035331649947,1.569721445221445,1.3081166334470085,4.339862565539036,4.9,6.74,13.46,6.55,25.95
2019-01-01,0.23136363636363638,0.2690909090909091,6.28,21.55,98.80762361008502,76.32845508999999,3,3.24,3.6168728157295065,4.222824702205948,1.627297000697715,1.1635392611340416,4.490649119694069,4.9,6.9,14.04,9.639999999999999,26.27
2019-02-01,0.24000000000000002,0.2715,6.78,22.14,93.240562119026,76.36372142,3,3.23,3.525854640075816,4.130660651213439,1.5205835979876894,1.105944770862275,4.3912617986964975,5.08,7.2700000000000005,13.78,10.04,26.330000000000002
2019-03-01,0.2442857142857143,0.27,6.8,20.95,106.69070751606998,76.72589556999999,3,3.18,3.4983936198219605,4.046198585412296,1.418509814771908,1.030983376457514,4.257079075643165,4.79,8.19,12.26,8.16,27.05
2019-04-01,0.2438095238095238,0.2704761904761905,6.33,21.04,103.83449766231001,76.92584986,3,3.04,3.3036314765903105,3.910143358878648,1.227455075646444,0.7872771672771672,4.117895746739578,4.81,6.859999999999999,12.59,9.05,26.8
2019-05-01,0.24523809523809526,0.26333333333333336,5.6499999999999995,20.59,103.40967214337,77.39081986000001,3,2.9,3.2016067775117834,3.7588982368075805,1.1495606496423314,0.6500872624269006,4.043686697115713,4.819999999999999,5.78,12.219999999999999,8.81,25.97
2019-06-01,0.2235,0.23600000000000002,5.41,20.74,99.182117282143,77.42857110999998,2.5,2.7800000000000002,2.606387318184136,3.201263430429911,0.7149418995618934,0.492861045566224,3.481092643403497,4.52,5.64,12.08,9.129999999999999,25.919999999999998
2019-07-01,0.20727272727272728,0.21545454545454545,5.6,20.49,96.292136249094,77.60169658000001,2.5,2.55,2.3531132083149258,2.9460052577925615,0.5289990814439645,0.3318243374999576,3.157262341307117,4.38,5.94,12.2,9.54,25.330000000000002
2019-08-01,0.20047619047619047,0.20190476190476192,5.68,19.77,101.33680473836,77.74697309000001,2.5,2.38,1.972954833916934,2.5126693975100833,-0.0022050371065365218,-0.1553577725168297,2.7041256590178455,4.07,6.319999999999999,11.68,8.719999999999999,24.93
2019-09-01,0.17222222222222222,0.1761111111111111,4.99,19.959999999999997,97.04316397109002,77.75638456,2,2.17,1.8270860135641582,2.4829371916382468,0.020794401201331362,-0.1635602728556044,2.710507996880325,3.7,5.51,11.4,8.07,24.72
2019-10-01,0.16454545454545455,0.17500000000000002,4.9,19.38,97.55781539514201,78.38713378000001,1.75,1.99,1.9569926864578606,2.6482604501264957,0.19122207475684788,-0.07197166568742955,2.943769276414529,3.77,5.1,11.52,7.02,24.06
2019-11-01,0.17400000000000002,0.1855,4.96,19.630000000000003,100.29597151741997,78.45363855,1.75,1.99,1.9077504265714793,2.9201298216716083,0.7254226936668614,0.40220842612582014,3.337316363415299,3.84,5.26,11.7,7.359999999999999,23.75
2019-12-01,0.1625,0.1825,5.17,19.21,110.03960862792,78.53152473000002,1.75,2.18,1.9921691793350418,2.9341873107538476,0.5495861873398192,0.13068295594653745,3.299992761669965,3.86,5.85,12.01,6.91,23.919999999999998
2020-01-01,0.15363636363636365,0.16818181818181818,6.22,20.16,99.726585989509,78.97616589,1.75,2.4,2.023868181818181,2.893618798152263,0.35088823174530065,-0.023025222834895945,3.301500524526035,4.13,7.159999999999999,12.57,8.709999999999999,24.03
2020-02-01,0.15350000000000003,0.17600000000000002,6.24,20.67,95.77769354688701,79.33027095,1.75,2.5,2.13794521419002,3.0183218187979515,0.5424944645528217,0.08973748271005358,3.4881109811281186,4.109999999999999,7.17,12.58,8.43,24.2
2020-03-01,0.14727272727272728,0.17454545454545456,5.53,20.82,102.04995529307001,79.59252958000002,1,2.6,1.54830576389982,2.804367524930054,0.5035838778487841,0.10906482168782963,3.410495027860755,4.13,6.57,12.34,8.370000000000001,24.979999999999997
2020-04-01,0.060476190476190475,0.07238095238095238,5.56,18.91,88.167635520628,79.56015409000001,0.5,2.9299999999999997,0.5806018473505105,2.332152317431091,0.374848168578733,0.0029215043352759556,3.048471653854391,3.8499999999999996,6.38,9.34,8.56,25.58
2020-05-01,0.05473684210526316,0.04473684210526316,4.81,20.86,86.88778713363396,79.52058724,0.5,2.86,0.5587777777777778,1.6272319267051831,-0.14298187974175508,-0.5151144067962606,2.3971136134305358,3.62,6.2,10.94,8.709999999999999,25.810000000000002
2020-06-01,0.04761904761904762,0.03761904761904762,4.58,19.89,85.333955241404,79.46341826000001,0.5,2.79,0.45444444444444443,1.4882475591320352,-0.1250994736898879,-0.5338254839569403,2.4289328183023655,3.3,6.470000000000001,11.52,8.1,23.5
2020-07-01,0.04181818181818182,0.03636363636363636,4.819999999999999,20.07,85.00901697842899,79.54314465000002,0.5,2.64,0.3,1.4573654922336159,-0.18331438443219894,-0.4805071885417609,2.5045366468691226,3.29,5.94,11.32,8.3,24.39
2020-08-01,0.039523809523809524,0.03380952380952381,4.5,19.630000000000003,90.17826681119598,79.64821828000001,0.5,2.58,0.42710000000000004,1.4651989674861179,-0.34447468932751596,-0.7977730166619301,2.4326222067055863,2.73,6.07,10.81,6.24,23.66
2020-09-01,0.04,0.032857142857142856,4.44,18.89,92.23888919337999,80.15416758,0.5,2.3499999999999996,0.4894933102632835,1.5326249635132385,-0.2528826176103055,-0.9075270585661122,2.5884194383102357,2.57,6.29,10.38,5.930000000000001,23.69
2020-10-01,0.039047619047619046,0.030476190476190476,5.109999999999999,19.37,96.232464096099,80.70461811,0.5,2.4699999999999998,0.5236018370354774,1.5105361965739441,-0.11679387050901237,-0.8357519052988481,2.60637141106784,3,5.68,10.79,6.859999999999999,23.610000000000003
2020-11-01,0.03761904761904762,0.029047619047619048,5.53,19.02,101.31170190947,80.59386388000001,0.5,2.42,0.5094066705632176,1.5074422195737975,-0.20564856598032588,-1.0913423510495226,2.628114145236599,2.8299999999999996,6.94,10.69,6.470000000000001,23.8
2020-12-01,0.0365,0.0325,4.98,19.41,110.66572544925,80.86616558000001,0.5,2.3899999999999997,0.5422798302377616,1.575847701083067,-0.12465927030297748,-1.0155845076631664,2.7480692888031752,2.46,6.58,10.6,6.64,23.9
2021-01-01,0.039,0.0325,5.54,19.32,96.30719201025899,81.43406713,0.5,2.34,0.5086841177690234,1.5222106346497637,-0.3536650550542438,-1.3061721893334763,2.6446227317786435,2.55,7.57,10.75,7.78,23.66
2021-02-01,0.0345,0.032,5.8,20.04,93.702525143204,81.58496579000001,0.5,2.34,0.47487075032172243,1.565131737423232,-0.41825293431213484,-1.5565246884346688,2.7168563533275023,3.3,6.7700000000000005,11.15,8.09,24.06
2021-03-01,0.03826086956521739,0.03304347826086956,4.88,18.25,108.81866607455,81.89119617,0.5,2.3099999999999996,0.550085760413849,1.7834044770288608,0.13893037298585673,-1.1427470013613532,3.175600146954522,3.11,7.1899999999999995,9.709999999999999,7.21,24.27
2021-04-01,0.03761904761904762,0.03571428571428571,4.84,18.87,101.64409031591,82.19990169,0.5,2.36,0.8548339721977761,2.16562406954833,0.5700788224279193,-0.5316279400319389,3.554217410511363,3.03,6.67,9.97,7.6499999999999995,24.01
2021-05-01,0.038,0.0385,4.8,18.07,103.87593905845998,82.4207376,0.5,2.4,1.1610909390533148,2.5703859977960475,0.7651723689046568,0.01726320851949948,3.711216056218965,2.8099999999999996,6.46,9.58,6.79,22.7
2021-06-01,0.04,0.051000000000000004,5.1899999999999995,18.05,102.72709053896,82.48645063000001,0.5,2.51,1.6053846153846154,2.99654469304578,1.2196566014108297,0.298232259946171,4.263269521623095,3.16,7,9.8,6.78,23.09
2021-07-01,0.05476190476190476,0.08714285714285715,4.67,18.279999999999998,99.82175652053598,83.15376608,0.75,2.8099999999999996,2.2966458769528773,3.6675412626980326,1.521683531813911,0.7400126207939138,4.487579849006086,3.14,6.42,10.719999999999999,6.9,22.71
2021-08-01,0.07227272727272728,0.11045454545454546,5.58,18.02,106.38023149111001,83.45254761,0.75,3.1,2.632119116660494,3.896614836611061,1.569768659588108,0.6354627032861242,4.704839698253331,3.4299999999999997,7.31,10.860000000000001,7.03,22.759999999999998
2021-09-01,0.1366666666666667,0.2080952380952381,5.98,19.34,104.65741939941,84.43551638000001,1.5,3.29,3.9645706625734496,4.826111600751117,1.9987354353344153,1.3161713597300875,5.225313196897867,4.359999999999999,6.930000000000001,12.03,7.52,23.45
2021-10-01,0.2025,0.3085,7.08,19.79,108.99438765152,85.56781059000001,2.75,3.56,4.834398938019587,5.968616040953901,2.94667829854116,2.4157342185884083,6.335926605408008,5.38,8.33,13.32,7.57,23.49
2021-11-01,0.25142857142857145,0.36238095238095236,8.58,20.91,114.8186157965,85.99460331000002,2.75,3.9099999999999997,5.416935019367804,5.5902404942199455,2.2390173044271036,1.9108040286886476,5.826742600932934,6.08,10.32,14.48,8.360000000000001,24.52
2021-12-01,0.319047619047619,0.4185714285714286,8.709999999999999,22.02,120.35026222044,86.666567,4,4,5.662141708366817,5.589228157283778,2.279228157428017,1.9729407262848508,5.692896953104811,6.54,10.450000000000001,14.58,11,25.66
2022-01-01,0.379047619047619,0.4504761904761905,9.26,22.959999999999997,103.25055214499,87.70753034,5.5,4.2,5.7,5.81475319526569,2.287982552608179,2.112757837611595,5.886166917600976,6.970000000000001,10.92,16,10.66,26.7
2022-02-01,0.4655,0.545,10.82,24.330000000000002,98.39274758743298,87.96129789000001,5.5,4.39,NA,6.020664425415523,2.184213894900559,2.0964319508279297,5.818815440283708,8.27,12.06,16.51,11.34,27.8
2022-03-01,0.5334782608695653,0.6482608695652173,11.19,23.650000000000002,114.98830904692,89.59254637,7,4.45,NA,6.764598109122701,1.9278268168975439,1.7882868101792544,6.103209052068542,8.97,13.46,15.91,10.629999999999999,28.72
2022-04-01,0.5905,0.6659999999999999,11.92,24.82,107.64602778696,90.84529979000001,7,4.41,NA,6.776702549542501,1.8973957614158565,1.4649343536849864,6.531165831847639,9.12,14.629999999999999,16.53,11.12,29.59
2022-05-01,0.6809090909090909,0.7427272727272727,12.28,25.110000000000003,109.68114129005,91.93440283,8.25,4.35,NA,6.775761285795951,2.037809291690113,1.7589649097314064,6.617832504389273,9.9,14.05,16.82,11.75,29.71
2022-06-01,0.7335,0.7765,12.99,26.259999999999998,105.60043224276998,92.79181102000001,9,4.319999999999999,NA,6.460388822185887,2.00173924212692,1.792771295634247,6.442465577812706,10.3,15.450000000000001,16.99,11.62,30.71
2022-07-01,0.7833333333333333,0.8276190476190477,13.75,27.06,99.384453159201,94.06747244,9.75,4.31,NA,6.763697387029973,1.907350093121951,1.6365728115093494,6.60539438748419,10.82,15.8,17.59,12.88,31.130000000000003
2022-08-01,0.8209090909090909,0.885,14.1,26.830000000000002,107.05564715781998,95.20655676000001,9.75,4.23,NA,7.500076353842564,2.097697827644872,2.034984575316795,6.717588961235021,11.28,16.5,17.71,13.17,31.37
2022-09-01,0.8655,0.9105000000000001,14.54,27.93,104.84429958116003,96.02963722,10.75,4.319999999999999,NA,7.6608654544390395,2.2438649286551637,2.0882109861040585,6.646309538457083,12.1,16.419999999999998,18.279999999999998,13.32,31.67
2022-10-01,0.9089473684210526,0.9389473684210526,15.05,27.459999999999997,106.94628305303002,96.52616951,11.25,4.53,NA,NA,2.573361523779513,NA,6.677438020743942,12.83,16.35,18.259999999999998,12.870000000000001,31.7
2022-11-01,0.9176190476190477,0.9223809523809524,14.88,27.69,111.52735576664,97.46753621,11.25,4.64,NA,NA,1.9181103421506884,NA,5.735703181231812,12.5,17.21,18.150000000000002,12.68,32.67
2022-12-01,0.9247619047619048,0.9233333333333333,15.28,28.130000000000003,118.82960695024,97.74398785,11.25,4.44,NA,NA,1.6507889667021425,NA,5.338178772907139,12.77,19.56,18.55,10.9,33.21
2023-01-01,0.9228571428571429,0.9095238095238095,15.729999999999999,28.69,104.65385748989,98.53093416,11.25,4.319999999999999,NA,NA,1.7545210285386532,NA,5.346143544401788,12.88,19.150000000000002,18.6,13.81,33.11
2023-02-01,0.922,0.9145000000000001,16.610000000000003,29.37,98.55354528227501,98.79213999000001,11.25,4.29,NA,NA,2.083830883570353,NA,5.704795798801796,12.729999999999999,20.330000000000002,18.62,13.6,33.52
2023-03-01,0.9169565217391304,0.912608695652174,16.279999999999998,27.66,113.27434917839,99.50883910999998,11.25,4.31,NA,NA,1.9585627834708774,NA,5.522494327228803,12.83,20.32,18,11.739999999999998,32.99
2023-04-01,0.9094736842105263,0.9073684210526316,16.37,28.84,107.11089855153999,99.77024752,11.25,4.29,NA,NA,1.8055555555555556,NA,5.539444444444444,12.59,21,18.259999999999998,11.8,33.86
2023-05-01,0.9027272727272727,0.9072727272727273,16.09,28.16,109.0237569557,100.0910373,11.25,4.23,NA,NA,2.1023809523809525,NA,5.548636363636364,12.46,19.91,18.16,12.48,33.230000000000004
2023-06-01,0.8955,0.8885000000000001,15.8,28.91,105.62943122293998,99.65889996,11.25,4.2,NA,NA,2.116,NA,5.3055,12.19,19.73,18.12,12.89,33.809999999999995
2023-07-01,0.8680952380952381,0.8276190476190477,15.75,29.1,102.28184918977001,99.77798849999999,10.25,4.24,6.312857142857143,5.4261904761904765,2.1590000000000003,2.507,5.3305,12.2,18.55,17.6,13.47,34.13
2023-08-01,0.7854545454545454,0.7445454545454545,14.39,28.479999999999997,107.50349983061,99.89560445000001,10.25,4.22,6.1,5.6095,2.3735714285714282,2.594,5.634736842105263,10.950000000000001,17.610000000000003,16.82,13.709999999999999,34.27
2023-09-01,0.741578947368421,0.7305263157894737,14.28,28.979999999999997,105.7903745421,100.5305115,9.5,4.35,6.29,5.9559999999999995,2.618333333333333,2.77125,5.965714285714285,10.76,17.74,17.37,13.719999999999999,33.720000000000006
2023-10-01,0.7195,0.7195,13.99,27.86,109.50089477486,100.824992,9,4.72,7.197,6.5175,3.0149999999999997,3.517777777777778,6.52625,10.48,17.37,17.89,12.47,32.720000000000006
2023-11-01,0.6880952380952381,0.6985714285714285,13.219999999999999,27.5,114.07168353179,101.57639529999999,9,5.18,6.8566666666666665,5.8325,2.9483333333333333,3.19,5.967142857142857,10,16.57,17.779999999999998,11.44,33.230000000000004
2023-12-01,0.6568421052631579,0.6505263157894736,12.47,27.58,119.47378929813,101.0423593,8.25,5.21,6.152222222222222,5.450555555555555,2.4394117647058824,2.476,5.478235294117647,9.850000000000001,15.08,17.73,9.450000000000001,33.39
2024-01-01,0.6154545454545455,0.5909090909090909,12.709999999999999,27.959999999999997,108.57310427614,101.7178701,8.25,5,5.937142857142857,5.341363636363637,2.5866666666666664,2.6572727272727272,5.53,9.54,15.8,17.330000000000002,12.81,33.6
2024-02-01,0.5480952380952382,0.5342857142857144,12.08,28.21,104.30565037627998,102.31571699999999,7.25,4.970000000000001,5.36125,5.28952380952381,2.4666666666666663,2.2994117647058823,5.4675,8.950000000000001,14.27,16.99,12.209999999999999,33.65
2024-03-01,0.533,0.521,12.39,26,114.61626504460001,102.70270279999998,7.25,4.9,5.5275,5.6135,2.4636363636363634,2.4021052631578947,5.768947368421053,8.7,17.03,15.370000000000001,9.9,32.730000000000004
2024-04-01,0.4890909090909091,0.4972727272727273,11.56,25.84,111.28337857207997,103.24436820000001,6.5,4.87,5.713571428571429,5.957727272727273,2.7954545454545454,2.635,6.1045454545454545,8.350000000000001,15.09,16.419999999999998,10.33,32.11
2024-05-01,0.4747619047619048,0.48952380952380953,11.18,25.27,109.38123881740998,103.5164021,6,4.970000000000001,5.312777777777778,5.693333333333333,2.7775,2.575,6.022857142857143,8.229999999999999,13.93,15.84,10.53,30.71
2024-06-01,0.44894736842105265,0.47052631578947374,9.97,24.91,104.87634192427,103.42382070000001,5.75,5,4.638,5.676666666666667,2.9186666666666667,2.66,6.076315789473684,7.51,13.739999999999998,15.729999999999999,9.129999999999999,30.64
2024-07-01,0.4431818181818182,0.4586363636363637,9.88,25.18,106.87583274999997,104.18555209999998,5.75,5.03,4.966,5.766,2.903157894736842,2.640454545454545,6.151363636363636,7.58,13.8,15.99,11.43,30.16
2024-08-01,0.43523809523809526,0.4561904761904762,10.06,24.22,109.90525559164001,104.4517433,5.75,4.970000000000001,5.228571428571429,5.598,2.4835,2.2747619047619048,5.825714285714286,7.67,12.43,15.59,9.2,29.62
2024-09-01,0.4255555555555556,0.4444444444444445,9.66,24.89,106.32873388950999,104.54341920000002,5.5,4.81,4.759090909090909,5.226666666666667,2.103,2.1355555555555554,5.383333333333333,7.23,12.4,15.729999999999999,11.229999999999999,29.610000000000003
2024-10-01,0.4122727272727273,0.42454545454545456,9.42,23.68,112.66976291049998,105.56218799999999,5.25,4.54,5.0928571428571425,5.174666666666666,2.273846153846154,2.2836363636363637,5.548095238095238,7.17,11.83,15.69,10.28,29.09
2024-11-01,0.3945,0.41300000000000003,9.2,23.919999999999998,116.84504090734,105.8264849,5.25,4.42,5.131428571428571,5.581333333333333,2.36,2.2935,5.827,6.95,11.43,15.89,10.34,29.01
2024-12-01,0.3895,0.41650000000000004,8.65,23.17,127.58610908617001,105.6167138,5,4.37,5.022857142857143,5.571666666666666,2.4233333333333333,2.3604999999999996,5.761578947368421,6.83,11.219999999999999,15.93,7.609999999999999,29.18
2025-01-01,0.38636363636363635,0.40772727272727277,8.97,24.54,112.1861404956,106.74430990000002,5,4.4,NA,6.015909090909091,2.612,2.6018181818181816,5.985714285714286,6.94,11.43,15.860000000000001,10.9,29.630000000000003
2025-02-01,0.383,0.41850000000000004,9.41,25.64,104.63103572957999,107.1637439,5,4.45,NA,6.0525,2.5388888888888888,2.4515,6.010909090909091,7.02,12.18,16.130000000000003,11.4,30.3
2025-03-01,0.38476190476190475,0.41095238095238096,9.639999999999999,23.35,120.26442117979,107.7011389,5,4.41,5.04,5.834285714285714,2.583125,2.5228571428571427,5.792142857142857,7.119999999999999,13.76,15.16,8.41,30.23
2025-04-01,0.37857142857142856,0.40095238095238095,9.06,24.38,115.59860362448,107.9086863,5,4.38,4.96,5.570476190476191,2.4295238095238094,2.3338095238095238,5.649473684210526,6.85,11.84,15.42,10.38,30.37
2025-05-01,0.377,0.402,9.28,24.19,113.68325414443,108.1235402,5,4.38,5.017222222222222,5.5649999999999995,2.574,2.4975,5.796,6.95,12.360000000000001,15.16,11.46,29.21
2025-06-01,0.3805,0.3885,8.66,23.55,108.41654927337002,107.67642509999999,5,4.39,4.825263157894737,5.492500000000001,2.6110526315789473,2.4835,5.734615384615385,6.75,12.6,15.19,9.719999999999999,29.21
2025-07-01,0.3759090909090909,0.39590909090909093,8.709999999999999,24.01,108.58247960021001,108.62290809999998,4.75,4.359999999999999,4.74,5.466818181818182,2.5947619047619046,2.462272727272727,5.624666666666666,6.8,10.719999999999999,15.28,11.19,28.939999999999998
2025-08-01,0.3615,0.3825,8.79,23.41,110.20157047333001,108.6617431,4.75,4.29,4.6975,5.3895,2.444,2.1814999999999998,5.6031249999999995,6.74,10.59,14.729999999999999,9.92,28.66
2025-09-01,0.358,0.3715,8.6,23.8,109.83345754608999,109.14312650000001,4.75,4.21,4.565625,5.353,2.413,2.2675,5.637499999999999,6.49,10.709999999999999,14.92,9.83,28.95
2025-10-01,0.3609090909090909,0.35954545454545456,8.6,23.01,114.98767952324002,109.18898609999998,4.75,4.159999999999999,4.435384615384616,5.358636363636363,2.348181818181818,2.2350000000000003,5.577222222222222,6.55,11.03,14.52,9.360000000000001,28.62
2025-11-01,0.3545,0.361,8.56,23.62,118.44721471715002,109.4734766,4.75,4.13,4.29,5.207999999999999,2.3415,2.264,5.437857142857143,6.52,10.350000000000001,14.68,9.78,28.82
2025-12-01,0.352,0.368,8.07,22.22,129.20224095630002,109.26302920000002,4.5,4.14,4.184545454545455,5.142222222222221,2.3326315789473684,2.2447368421052634,5.363125,6.31,10.33,14.92,6.51,28.62
2026-01-01,0.35047619047619044,0.36142857142857143,8.43,23.41,111.57321663052,109.71267990000001,4.5,4.119999999999999,4.62875,5.064761904761904,2.324210526315789,2.2033333333333336,5.341333333333333,6.37,11.17,14.719999999999999,9.83,28.759999999999998
2026-02-01,0.346,0.363,8.7,24.1,104.27374791459998,109.70229560000001,4.5,4.109999999999999,4.672857142857143,4.96,2.315,2.0905,5.3,6.35,10.96,14.98,9.38,29.07
2026-03-01,0.3504545454545454,0.36818181818181817,8.02,23.39,120.10649496405,110.753006,4.5,4.06,5.055,5.273181818181818,2.180909090909091,2,5.555555555555555,6.09,11.25,13.58,8.26,31.8
2026-04-01,0.35,0.3742857142857143,8.3,25.49,NA,NA,4.5,3.98,4.99235294117647,5.227142857142857,2.1347619047619046,1.7719047619047619,5.47375,6.17,11.31,14.08,11.11,32.49
2026-05-01,0.35333333333333333,0.36666666666666664,NA,NA,NA,NA,4.5,NA,5,5.416666666666667,2.19,1.8333333333333335,5.653333333333333,NA,NA,NA,NA,NA
