"Variables ->","L_GDP","L_GDP_BAR","L_GDP_GAP","L_CPI","L_CPIXFE","TPM","TPMN1","T_COLOC","L_Z","CRECSC","L_PCU","L_WTI","FFR","UST10","VIX","Q1","Q2","Q3","Q4","L_Z_GAP","L_Food","PCU_NOM","WTI_NOM","L_PCU_NOM","L_WTI_NOM","CPI_US","CPI_US_2020","L_CPI_US","D4L_CPI_US","DLA_CPI_US","DLA_GDP","D4L_GDP","DLA_GDP_BAR","D4L_GDP_BAR","DLA_GDP_GAP","D4L_GDP_GAP","DLA_CPI","D4L_CPI","DLA_CPIXFE","D4L_CPIXFE","DLA_Z","D4L_Z","DLA_PCU","D4L_PCU","DLA_WTI","D4L_WTI","DLA_Z_GAP","D4L_Z_GAP","DLA_Food","D4L_Food","DLA_PCU_NOM","D4L_PCU_NOM","DLA_WTI_NOM","D4L_WTI_NOM","DLA_CPIRES"
"Comments ->","","","","","","","","","","","","","","","","","","","","","","","","","","","","","","","","","","","","","","","","","","","","","","","","","","","","","","",""
"Class[Size] ->","tseries[112-by-1]","tseries[112-by-1]","tseries[112-by-1]","tseries[112-by-1]","tseries[112-by-1]","tseries[112-by-1]","tseries[112-by-1]","tseries[112-by-1]","tseries[112-by-1]","tseries[112-by-1]","tseries[112-by-1]","tseries[112-by-1]","tseries[112-by-1]","tseries[112-by-1]","tseries[112-by-1]","tseries[112-by-1]","tseries[112-by-1]","tseries[112-by-1]","tseries[112-by-1]","tseries[112-by-1]","tseries[112-by-1]","tseries[112-by-1]","tseries[112-by-1]","tseries[112-by-1]","tseries[112-by-1]","tseries[112-by-1]","tseries[112-by-1]","tseries[112-by-1]","tseries[112-by-1]","tseries[112-by-1]","tseries[112-by-1]","tseries[112-by-1]","tseries[112-by-1]","tseries[112-by-1]","tseries[112-by-1]","tseries[112-by-1]","tseries[112-by-1]","tseries[112-by-1]","tseries[112-by-1]","tseries[112-by-1]","tseries[112-by-1]","tseries[112-by-1]","tseries[112-by-1]","tseries[112-by-1]","tseries[112-by-1]","tseries[112-by-1]","tseries[112-by-1]","tseries[112-by-1]","tseries[112-by-1]","tseries[112-by-1]","tseries[112-by-1]","tseries[112-by-1]","tseries[112-by-1]","tseries[112-by-1]","tseries[112-by-1]"
"2000Q1",9.88127101e+02,9.88198349e+02,-7.12480368e-02,3.75646675e+02,3.77451692e+02,8.21445825e+00,7.97580930e+00,8.16333333e+00,4.41939021e+02,4.38096613e+00,2.14045831e+01,3.78092257e+02,5.67666667e+00,6.48000000e+00,2.31503175e+01,1.00000000e+00,0.00000000e+00,0.00000000e+00,0.00000000e+00,-1.85779975e+01,-1.10455953e+01,8.14084188e-01,2.88233333e+01,-2.05691494e+01,3.36118524e+02,1.70100000e+02,6.57219432e+01,5.13638650e+02,NaN,NaN,NaN,NaN,NaN,NaN,NaN,NaN,NaN,NaN,NaN,NaN,NaN,NaN,NaN,NaN,NaN,NaN,NaN,NaN,NaN,NaN,NaN,NaN,NaN,NaN,NaN
"2000Q2",9.88423757e+02,9.89536868e+02,-1.11311086e+00,3.77016046e+02,3.78949105e+02,8.50000000e+00,7.97580930e+00,8.04333333e+00,4.41840373e+02,4.71212490e+00,1.74798928e+01,3.77149423e+02,6.27333333e+00,6.17666667e+00,2.49239683e+01,0.00000000e+00,1.00000000e+00,0.00000000e+00,0.00000000e+00,-1.86766458e+01,-2.69308397e+00,7.88888385e-01,2.87766667e+01,-2.37130432e+01,3.35956487e+02,1.71433333e+02,6.62371064e+01,5.14419446e+02,NaN,3.12318588e+00,1.18662668e+00,NaN,5.35407797e+00,NaN,-4.16745128e+00,NaN,5.47748624e+00,NaN,5.98965307e+00,NaN,-3.94592972e-01,NaN,-1.56987612e+01,NaN,-3.77133417e+00,NaN,-3.94592972e-01,NaN,3.34100451e+01,NaN,-1.25755754e+01,NaN,-6.48148290e-01,NaN,-5.12166825e-01
"2000Q3",9.89937495e+02,9.90875416e+02,-9.37921167e-01,3.77755941e+02,3.79368077e+02,8.31060606e+00,7.97580930e+00,7.62666667e+00,4.48162163e+02,4.22981529e+00,2.39225855e+01,3.85641120e+02,6.52000000e+00,5.89333333e+00,1.91690476e+01,0.00000000e+00,0.00000000e+00,1.00000000e+00,0.00000000e+00,-1.23548555e+01,-8.50685442e-01,8.49076174e-01,3.16133333e+01,-1.63606375e+01,3.45357897e+02,1.73000000e+02,6.68424232e+01,5.15329159e+02,NaN,3.63885215e+00,6.05494918e+00,NaN,5.35419042e+00,NaN,7.00758763e-01,NaN,2.95957751e+00,NaN,1.67588776e+00,NaN,2.52871612e+01,NaN,2.57707709e+01,NaN,3.39667874e+01,NaN,2.52871612e+01,NaN,7.36959410e+00,NaN,2.94096230e+01,NaN,3.76056396e+01,NaN,1.28368975e+00
"2000Q4",9.91142660e+02,9.92213903e+02,-1.07124308e+00,3.79106417e+02,3.79959854e+02,8.00000000e+00,7.97580930e+00,6.94000000e+00,4.49633828e+02,3.67618786e+00,2.19327799e+01,3.86115178e+02,6.47333333e+00,5.56666667e+00,2.60166667e+01,0.00000000e+00,0.00000000e+00,0.00000000e+00,1.00000000e+00,-1.08831907e+01,2.22532361e+00,8.38282077e-01,3.19900000e+01,-1.76400628e+01,3.46542335e+02,1.74233333e+02,6.73189491e+01,5.16039540e+02,NaN,2.84152102e+00,4.82065944e+00,NaN,5.35394709e+00,NaN,-5.33287654e-01,NaN,5.40190645e+00,NaN,2.36710885e+00,NaN,5.88665912e+00,NaN,-7.95922234e+00,NaN,1.89623155e+00,NaN,5.88665912e+00,NaN,1.23040362e+01,NaN,-5.11770132e+00,NaN,4.73775257e+00,NaN,3.03479760e+00
"2001Q1",9.91861644e+02,9.93552435e+02,-1.69079145e+00,3.79572154e+02,3.80733260e+02,7.54090909e+00,6.87580930e+00,6.91000000e+00,4.49766993e+02,3.51060587e+00,1.63230926e+01,3.74716210e+02,5.59333333e+00,5.05000000e+00,2.57264516e+01,1.00000000e+00,0.00000000e+00,0.00000000e+00,0.00000000e+00,-1.07500256e+01,3.58995006e+00,8.00133055e-01,2.88166667e+01,-2.22977246e+01,3.36095392e+02,1.75900000e+02,6.79629031e+01,5.16991565e+02,3.35291523e+00,3.80810188e+00,2.87593559e+00,3.73454272e+00,5.35412906e+00,5.35408614e+00,-2.47819347e+00,-1.61954341e+00,1.86294633e+00,3.92547913e+00,3.09362215e+00,3.28156796e+00,5.32660532e-01,7.82797196e+00,-2.24387492e+01,-5.08149048e+00,-4.55958741e+01,-3.37604732e+00,5.32660532e-01,7.82797196e+00,5.45850581e+00,1.46355453e+01,-1.86306473e+01,-1.72857525e+00,-4.17877722e+01,-2.31320843e-02,-1.23067582e+00
"2001Q2",9.92836539e+02,9.94890967e+02,-2.05442838e+00,3.80563299e+02,3.81663492e+02,6.72666667e+00,6.87580930e+00,6.20666667e+00,4.52158864e+02,2.47811631e+00,9.04235444e+00,3.70808669e+02,4.32666667e+00,5.27000000e+00,2.39238095e+01,0.00000000e+00,1.00000000e+00,0.00000000e+00,0.00000000e+00,-8.35815469e+00,2.49910949e+00,7.49163869e-01,2.79066667e+01,-2.88797535e+01,3.32886561e+02,1.77133333e+02,6.84394290e+01,5.17690274e+02,3.27082805e+00,2.79483717e+00,3.89958038e+00,4.41278115e+00,5.35412811e+00,5.35409867e+00,-1.45454773e+00,-9.41317523e-01,3.96457998e+00,3.54725257e+00,3.72092935e+00,2.71438703e+00,9.56748347e+00,1.03184911e+01,-2.91229527e+01,-8.43753834e+00,-1.56301630e+01,-6.34075452e+00,9.56748347e+00,1.03184911e+01,-4.36336227e+00,5.19219346e+00,-2.63281155e+01,-5.16671029e+00,-1.28353258e+01,-3.06992647e+00,2.43650629e-01
"2001Q3",9.92487975e+02,9.96229499e+02,-3.74152429e+00,3.81322436e+02,3.82407885e+02,6.50000000e+00,6.87580930e+00,6.70000000e+00,4.60707715e+02,1.51306996e+00,-2.75308008e+00,3.65981667e+02,3.49666667e+00,4.98000000e+00,2.53803390e+01,0.00000000e+00,0.00000000e+00,1.00000000e+00,0.00000000e+00,1.90696469e-01,5.36846832e+00,6.67688772e-01,2.66666667e+01,-4.03933124e+01,3.28341435e+02,1.77633333e+02,6.86326152e+01,5.17972150e+02,2.64299061e+00,1.12750239e+00,-1.39425378e+00,2.55048041e+00,5.35412985e+00,5.35408353e+00,-6.74838363e+00,-2.80360312e+00,3.03654657e+00,3.56649483e+00,2.97757075e+00,3.03980777e+00,3.41954046e+01,1.25455519e+01,-4.71817381e+01,-2.66756656e+01,-1.93080076e+01,-1.96594533e+01,3.41954046e+01,1.25455519e+01,1.14774353e+01,6.21915376e+00,-4.60542357e+01,-2.40326750e+01,-1.81805052e+01,-1.70164627e+01,5.89758254e-02
"2001Q4",9.93255742e+02,9.97567983e+02,-4.31224155e+00,3.82094592e+02,3.83421626e+02,6.50000000e+00,6.87580930e+00,6.68666667e+00,4.61536136e+02,8.52112903e-01,-5.88117847e+00,3.39268812e+02,2.13333333e+00,4.77000000e+00,2.79100000e+01,0.00000000e+00,0.00000000e+00,0.00000000e+00,1.00000000e+00,1.01911769e+00,9.69225015e-01,6.46640358e-01,2.04000000e+01,-4.35965000e+01,3.01553490e+02,1.77500000e+02,6.85810989e+01,5.17897061e+02,1.85752119e+00,-3.00356688e-01,3.07106652e+00,2.11308218e+00,5.35393557e+00,5.35408065e+00,-2.28286905e+00,-3.24099847e+00,3.08862660e+00,2.98817487e+00,4.05496702e+00,3.46177231e+00,3.31368490e+00,1.19023084e+01,-1.25123936e+01,-2.78139584e+01,-1.06851421e+02,-4.68463665e+01,3.31368490e+00,1.19023084e+01,-1.75969732e+01,-1.25609859e+00,-1.28127502e+01,-2.59564372e+01,-1.07151778e+02,-4.49888453e+01,-9.66340414e-01
"2002Q1",9.94274998e+02,9.98906507e+02,-4.63150859e+00,3.81981773e+02,3.84264528e+02,5.68000000e+00,6.77580930e+00,6.64666667e+00,4.54442768e+02,1.51921277e+00,2.61228132e+00,3.44927915e+02,1.73333333e+00,5.07666667e+00,2.13608333e+01,1.00000000e+00,0.00000000e+00,0.00000000e+00,0.00000000e+00,-6.07425094e+00,-3.80746432e+00,7.06209743e-01,2.16566667e+01,-3.47842999e+01,3.07531334e+02,1.78066667e+02,6.88000433e+01,5.18215801e+02,1.22423603e+00,1.27496124e+00,4.07702580e+00,2.41335473e+00,5.35409397e+00,5.35407187e+00,-1.27706817e+00,-2.94071714e+00,-4.51275971e-01,2.40961930e+00,3.37160650e+00,3.53126840e+00,-2.83734745e+01,4.67577461e+00,3.39738392e+01,-1.37108113e+01,2.26364129e+01,-2.97882948e+01,-2.83734745e+01,4.67577461e+00,-1.91067573e+01,-7.39741438e+00,3.52488004e+01,-1.24865753e+01,2.39113741e+01,-2.85640587e+01,-3.82288247e+00
"2002Q2",9.95151154e+02,1.00024506e+03,-5.09390629e+00,3.82727476e+02,3.85153555e+02,4.32666667e+00,6.76043061e+00,5.48000000e+00,4.52930670e+02,2.19748187e+00,5.25550777e+00,3.63367333e+02,1.75000000e+00,5.10000000e+00,2.16431250e+01,0.00000000e+00,1.00000000e+00,0.00000000e+00,0.00000000e+00,-7.58634881e+00,-7.64361630e+00,7.30826454e-01,2.62466667e+01,-3.13579257e+01,3.26753900e+02,1.79466667e+02,6.93409646e+01,5.18998949e+02,1.30867450e+00,3.13259106e+00,3.50462092e+00,2.31461486e+00,5.35421170e+00,5.35409277e+00,-1.84959078e+00,-3.03947791e+00,2.98281174e+00,2.16417724e+00,3.55610812e+00,3.49006309e+00,-6.04839145e+00,7.71805883e-01,1.05729058e+01,-3.78684667e+00,7.37576732e+01,-7.44133571e+00,-6.04839145e+00,7.71805883e-01,-1.53446079e+01,-1.01427258e+01,1.37054968e+01,-2.47817217e+00,7.68902642e+01,-6.13266121e+00,-5.73296383e-01
"2002Q3",9.96371449e+02,1.00158354e+03,-5.21209116e+00,3.83650604e+02,3.85437630e+02,3.20333333e+00,6.72911046e+00,5.36000000e+00,4.60443017e+02,3.22193928e+00,-1.37699078e+00,3.70503669e+02,1.74000000e+00,4.26000000e+00,3.50684375e+01,0.00000000e+00,0.00000000e+00,1.00000000e+00,0.00000000e+00,-7.40019380e-02,-5.22535482e+00,6.87610753e-01,2.83400000e+01,-3.74532367e+01,3.34427423e+02,1.80433333e+02,6.97144579e+01,5.19536137e+02,1.56398645e+00,2.14875019e+00,4.88118125e+00,3.88347362e+00,5.35392075e+00,5.35404050e+00,-4.72739506e-01,-1.47056688e+00,3.69251045e+00,2.32816820e+00,1.13630164e+00,3.02974582e+00,3.00493875e+01,-2.64698407e-01,-2.65299942e+01,1.37608930e+00,2.85453448e+01,4.52200238e+00,3.00493875e+01,-2.64698407e-01,9.67304591e+00,-1.05938231e+01,-2.43812440e+01,2.94007575e+00,3.06940950e+01,6.08598883e+00,2.55620880e+00
"2002Q4",9.97638050e+02,1.00292207e+03,-5.28401840e+00,3.85013491e+02,3.86243264e+02,3.00000000e+00,6.70589976e+00,4.65333333e+00,4.61212334e+02,3.41712694e+00,5.09641904e-01,3.69478099e+02,1.44333333e+00,4.00666667e+00,3.07267187e+01,0.00000000e+00,0.00000000e+00,0.00000000e+00,1.00000000e+00,6.95315006e-01,2.37130443e+00,7.04848952e-01,2.82166667e+01,-3.49771751e+01,3.33991282e+02,1.81500000e+02,7.01265885e+01,5.20125565e+02,2.22850448e+00,2.35771543e+00,5.06640315e+00,4.38230778e+00,5.35411210e+00,5.35408463e+00,-2.87708942e-01,-9.71776851e-01,5.45154766e+00,2.91889847e+00,3.22253381e+00,2.82163752e+00,3.07726778e+00,-3.23802687e-01,7.54653074e+00,6.39082037e+00,-4.10228117e+00,3.02092874e+01,3.07726778e+00,-3.23802687e-01,3.03866370e+01,1.40207941e+00,9.90424616e+00,8.61932485e+00,-1.74456574e+00,3.24377919e+01,2.22901385e+00
"2003Q1",9.98927770e+02,1.00426058e+03,-5.33281126e+00,3.85696946e+02,3.86910464e+02,2.77333333e+00,6.63716417e+00,5.50000000e+00,4.67857359e+02,2.88105841e+00,6.30017399e+00,3.87383566e+02,1.25000000e+00,3.92000000e+00,3.00226230e+01,1.00000000e+00,0.00000000e+00,0.00000000e+00,0.00000000e+00,7.34034039e+00,6.66848321e+00,7.54549578e-01,3.40966667e+01,-2.81634293e+01,3.52919963e+02,1.83366667e+02,7.08478169e+01,5.21148779e+02,2.93297792e+00,4.09285500e+00,5.15888033e+00,4.65277141e+00,5.35405178e+00,5.35407408e+00,-1.95171451e-01,-7.01302671e-01,2.73382183e+00,3.71517292e+00,2.66879932e+00,2.64593572e+00,2.65801015e+01,1.34145913e+01,2.31621283e+01,3.68789266e+00,7.16218682e+01,4.24556512e+01,2.65801015e+01,1.34145913e+01,1.71887151e+01,1.04759475e+01,2.72549833e+01,6.62087058e+00,7.57147232e+01,4.53886292e+01,6.50225101e-02
"2003Q2",1.00024407e+03,1.00559910e+03,-5.35503553e+00,3.86375751e+02,3.88020763e+02,2.75000000e+00,6.57297439e+00,5.24333333e+00,4.67268297e+02,2.12890088e+00,5.08808067e+00,3.71287938e+02,1.24666667e+00,3.62000000e+00,2.15312698e+01,0.00000000e+00,1.00000000e+00,0.00000000e+00,0.00000000e+00,6.75127861e+00,9.44778589e+00,7.44239318e-01,2.89800000e+01,-2.95392632e+01,3.36660594e+02,1.83066667e+02,7.07319052e+01,5.20985039e+02,1.98608956e+00,-6.54962395e-01,5.26518686e+00,5.09291290e+00,5.35408391e+00,5.35404214e+00,-8.88970547e-02,-2.61129239e-01,2.71521869e+00,3.64827466e+00,4.44119609e+00,2.86720772e+00,-2.35624710e+00,1.43376274e+01,-4.84837328e+00,-1.67427099e-01,-6.43825140e+01,7.92060445e+00,-2.35624710e+00,1.43376274e+01,1.11172107e+01,1.70914022e+01,-5.50333568e+00,1.81866246e+00,-6.50374764e+01,9.90669400e+00,-1.72597740e+00
"2003Q3",1.00097219e+03,1.00693765e+03,-5.96546359e+00,3.86333121e+02,3.87981779e+02,2.75000000e+00,6.51384914e+00,5.07333333e+00,4.65441562e+02,2.66981652e+00,1.09770391e+01,3.74711909e+02,1.01666667e+00,4.23333333e+00,1.93201563e+01,0.00000000e+00,0.00000000e+00,1.00000000e+00,0.00000000e+00,4.92454332e+00,7.60332611e+00,7.95276543e-01,3.02133333e+01,-2.29065372e+01,3.40828333e+02,1.84433333e+02,7.12599475e+01,5.21728806e+02,2.19266961e+00,2.97507040e+00,2.91247887e+00,4.60073730e+00,5.35419114e+00,5.35410973e+00,-2.44171226e+00,-7.53372428e-01,-1.70518615e-01,2.68251739e+00,-1.55936226e-01,2.54414825e+00,-7.30694116e+00,4.99854526e+00,2.35558337e+01,1.23540299e+01,1.36958861e+01,4.20823977e+00,-7.30694116e+00,4.99854526e+00,-7.37783910e+00,1.28286809e+01,2.65309041e+01,1.45466995e+01,1.66709565e+01,6.40090938e+00,-1.45823890e-02
"2003Q4",1.00184073e+03,1.00827616e+03,-6.43542509e+00,3.86047891e+02,3.88519229e+02,2.65000000e+00,6.45323370e+00,4.87666667e+00,4.58053272e+02,3.17513655e+00,2.66763970e+01,3.77525193e+02,9.96666667e-01,4.28666667e+00,1.74271875e+01,0.00000000e+00,0.00000000e+00,0.00000000e+00,1.00000000e+00,-2.46374633e+00,9.80523691e+00,9.33995585e-01,3.11933333e+01,-6.82835678e+00,3.44020440e+02,1.85133333e+02,7.15304082e+01,5.22107629e+02,1.98206325e+00,1.51528999e+00,3.47417658e+00,4.20268066e+00,5.35402257e+00,5.35408735e+00,-1.87984600e+00,-1.15140669e+00,-1.14092176e+00,1.03440004e+00,2.14980110e+00,2.27596507e+00,-2.95531586e+01,-3.15906133e+00,6.27974317e+01,2.61667551e+01,1.12531375e+01,8.04709444e+00,-2.95531586e+01,-3.15906133e+00,8.80764321e+00,7.43393249e+00,6.43127217e+01,2.81488184e+01,1.27684275e+01,1.00291577e+01,-3.29072286e+00
"2004Q1",1.00402339e+03,1.00961467e+03,-5.59128462e+00,3.85693654e+02,3.88666473e+02,1.79000000e+00,6.38301909e+00,5.05333333e+00,4.54906806e+02,4.32908008e+00,5.40598494e+01,3.88899174e+02,1.00333333e+00,4.02000000e+00,1.66580645e+01,1.00000000e+00,0.00000000e+00,0.00000000e+00,0.00000000e+00,-5.61021261e+00,1.54441316e+01,1.23859506e+00,3.52466667e+01,2.13977720e+01,3.56237096e+02,1.86700000e+02,7.21357249e+01,5.22950305e+02,1.80152593e+00,3.37070574e+00,8.73063702e+00,5.09561983e+00,5.35407513e+00,5.35409319e+00,3.37656188e+00,-2.58473358e-01,-1.41694630e+00,-3.29199543e-03,5.88976249e-01,1.75600930e+00,-1.25858651e+01,-1.29505530e+01,1.09533809e+02,4.77596754e+01,4.54959204e+01,1.51560750e+00,-1.25858651e+01,-1.29505530e+01,2.25555787e+01,8.77564837e+00,1.12904515e+02,4.95612013e+01,4.88666261e+01,3.31713343e+00,-2.00592255e+00
"2004Q2",1.00595113e+03,1.01095321e+03,-5.00208842e+00,3.86834022e+02,3.89171852e+02,1.75000000e+00,6.31230112e+00,3.58333333e+00,4.61459635e+02,5.03939000e+00,5.54162198e+01,3.96563717e+02,1.01000000e+00,4.60000000e+00,1.62112698e+01,0.00000000e+00,1.00000000e+00,0.00000000e+00,0.00000000e+00,9.42616287e-01,1.72703535e+01,1.26537240e+00,3.83533333e+01,2.35366469e+01,3.64684144e+02,1.88166667e+02,7.27024044e+01,5.23732809e+02,2.74777097e+00,3.13001775e+00,7.71094676e+00,5.70705981e+00,5.35416197e+00,5.35411270e+00,2.35678479e+00,3.52947103e-01,4.56147339e+00,4.58271681e-01,2.02151670e+00,1.15108946e+00,2.62113156e+01,-5.80866232e+00,5.42548166e+00,5.03281391e+01,3.06581745e+01,2.52757796e+01,2.62113156e+01,-5.80866232e+00,7.30488776e+00,7.82256764e+00,8.55549941e+00,5.30759101e+01,3.37881923e+01,2.80235506e+01,2.53995670e+00
"2004Q3",1.00861171e+03,1.01229170e+03,-3.67998791e+00,3.87800789e+02,3.89504346e+02,1.81333333e+00,6.23431592e+00,3.92666667e+00,4.62397942e+02,4.56424806e+00,5.69140213e+01,4.09374535e+02,1.43333333e+00,4.30333333e+00,1.54421875e+01,0.00000000e+00,0.00000000e+00,1.00000000e+00,0.00000000e+00,1.88092360e+00,1.20147338e+01,1.29265929e+00,4.38733333e+01,2.56701560e+01,3.78130669e+02,1.89366667e+02,7.31660513e+01,5.24368517e+02,2.63971097e+00,2.54283039e+00,1.06423496e+01,7.63952749e+00,5.35394752e+00,5.35405180e+00,5.28840207e+00,2.28547568e+00,3.86706692e+00,1.46766806e+00,1.32997417e+00,1.52256705e+00,3.75322925e+00,-3.04361972e+00,5.99120619e+00,4.59369823e+01,5.12432702e+01,3.46626257e+01,3.75322925e+00,-3.04361972e+00,-2.10224790e+01,4.41140768e+00,8.53403658e+00,4.85766932e+01,5.37861006e+01,3.73023366e+01,2.53709275e+00
"2004Q4",1.01058269e+03,1.01363022e+03,-3.04752699e+00,3.88294297e+02,3.89564641e+02,2.13333333e+00,6.15564958e+00,3.86000000e+00,4.59886604e+02,4.11439902e+00,6.40514317e+01,4.17918991e+02,1.95000000e+00,4.17333333e+00,1.36514063e+01,0.00000000e+00,0.00000000e+00,0.00000000e+00,1.00000000e+00,-6.30414731e-01,5.82353550e+00,1.40320088e+00,4.83000000e+01,3.38755972e+01,3.87743156e+02,1.91400000e+02,7.39516751e+01,5.25436548e+02,3.32891928e+00,4.27212325e+00,7.88391273e+00,8.74196152e+00,5.35406906e+00,5.35406342e+00,2.52984367e+00,3.38789810e+00,1.97402965e+00,2.24640591e+00,2.41181589e-01,1.04541218e+00,-1.00453533e+01,1.83333160e+00,2.85496415e+01,3.73750347e+01,3.41778233e+01,4.03937971e+01,-1.00453533e+01,1.83333160e+00,-2.47647932e+01,-3.98170142e+00,3.28217647e+01,4.07039540e+01,3.84499465e+01,4.37227164e+01,1.73284806e+00
"2005Q1",1.01143352e+03,1.01496876e+03,-3.53524484e+00,3.87959040e+02,3.90058444e+02,2.60666667e+00,6.07548739e+00,4.29666667e+00,4.59305108e+02,4.16407561e+00,6.90281240e+01,4.20326189e+02,2.47000000e+00,4.29666667e+00,1.27870492e+01,1.00000000e+00,0.00000000e+00,0.00000000e+00,0.00000000e+00,-1.21191059e+00,1.16644857e+00,1.48224924e+00,4.97266667e+01,3.93560688e+01,3.90654134e+02,1.92366667e+02,7.43251684e+01,5.25940327e+02,2.99002225e+00,2.01511761e+00,3.40331233e+00,7.41013035e+00,5.35418372e+00,5.35409057e+00,-1.95087139e+00,2.05603978e+00,-1.34102615e+00,2.26538595e+00,1.97521219e+00,1.39197116e+00,-2.32598342e+00,4.39830203e+00,1.99067690e+01,1.49682746e+01,9.62879487e+00,3.14270157e+01,-2.32598342e+00,4.39830203e+00,-1.86283477e+01,-1.42776830e+01,2.19218866e+01,1.79582968e+01,1.16439125e+01,3.44170380e+01,-3.31623834e+00
"2005Q2",1.01390213e+03,1.01630726e+03,-2.40512604e+00,3.89560770e+02,3.91130170e+02,3.11000000e+00,5.99955950e+00,4.26666667e+00,4.59511849e+02,4.15575363e+00,7.20038092e+01,4.26128305e+02,2.94333333e+00,4.16000000e+00,1.34073438e+01,0.00000000e+00,1.00000000e+00,0.00000000e+00,0.00000000e+00,-1.00516993e+00,-4.89748454e-01,1.53733860e+00,5.30533333e+01,4.30052736e+01,3.97129770e+02,1.93666667e+02,7.48274525e+01,5.26613847e+02,2.88103733e+00,2.69407805e+00,9.87444590e+00,7.95100514e+00,5.35397071e+00,5.35404275e+00,4.52047520e+00,2.59696239e+00,6.40691804e+00,2.72674711e+00,4.28690412e+00,1.95831802e+00,8.26962631e-01,-1.94778622e+00,1.19027411e+01,1.65875894e+01,2.32084640e+01,2.95645881e+01,8.26962631e-01,-1.94778622e+00,-6.62478811e+00,-1.77601020e+01,1.45968192e+01,1.94686268e+01,2.59025420e+01,3.24456254e+01,2.12001392e+00
"2005Q3",1.01580480e+03,1.01764581e+03,-1.84100514e+00,3.91073905e+02,3.91868182e+02,3.66000000e+00,5.93427191e+00,4.15000000e+00,4.54152595e+02,3.43581520e+00,8.07920823e+01,4.42115143e+02,3.46000000e+00,4.21333333e+00,1.22507812e+01,0.00000000e+00,0.00000000e+00,1.00000000e+00,0.00000000e+00,-6.36442334e+00,3.95594995e+00,1.70398258e+00,6.31933333e+01,5.32968206e+01,4.14619881e+02,1.96600000e+02,7.59608115e+01,5.28117121e+02,3.74860368e+00,6.01309581e+00,7.61067951e+00,7.19308762e+00,5.35419593e+00,5.35410485e+00,2.25648358e+00,1.83898276e+00,6.05254131e+00,3.27311571e+00,2.95204527e+00,2.36383579e+00,-2.14370136e+01,-8.24534694e+00,3.51530922e+01,2.38780609e+01,6.39473496e+01,3.27406079e+01,-2.14370136e+01,-8.24534694e+00,1.77827936e+01,-8.05878384e+00,4.11661880e+01,2.76266646e+01,6.99604454e+01,3.64892116e+01,3.10049604e+00
"2005Q4",1.01726681e+03,1.01898432e+03,-1.71751741e+00,3.92045042e+02,3.92419087e+02,4.36666667e+00,5.88905699e+00,4.99666667e+00,4.48575298e+02,3.82050193e+00,9.34194504e+01,4.35995964e+02,3.98000000e+00,4.49000000e+00,1.27817460e+01,0.00000000e+00,0.00000000e+00,0.00000000e+00,1.00000000e+00,-1.19417210e+01,5.79182976e+00,1.95135474e+00,5.99966667e+01,6.68523871e+01,4.09428901e+02,1.98433333e+02,7.66691609e+01,5.29045319e+02,3.60877125e+00,3.71279351e+00,5.84802376e+00,6.68411538e+00,5.35407282e+00,5.35410579e+00,4.93950944e-01,1.33000958e+00,3.88454995e+00,3.75074579e+00,2.20362160e+00,2.85444580e+00,-2.23091908e+01,-1.13113063e+01,5.05094725e+01,2.93680187e+01,-2.44767156e+01,1.80769732e+01,-2.23091908e+01,-1.13113063e+01,7.34351924e+00,-3.17057342e-02,5.42222660e+01,3.29767900e+01,-2.07639221e+01,2.16857444e+01,1.68092834e+00
"2006Q1",1.01851135e+03,1.02032284e+03,-1.81148928e+00,3.91940662e+02,3.92930831e+02,4.63666667e+00,5.83294702e+00,5.28000000e+00,4.49507329e+02,4.74784436e+00,1.06726759e+02,4.40788797e+02,4.45666667e+00,4.57000000e+00,1.20424194e+01,1.00000000e+00,0.00000000e+00,0.00000000e+00,0.00000000e+00,-1.10096901e+01,5.28471604e+00,2.24070580e+00,6.32700000e+01,8.06790904e+01,4.14741128e+02,1.99466667e+02,7.70684124e+01,5.29564714e+02,3.62438649e+00,2.07757860e+00,4.97816425e+00,7.07782836e+00,5.35405176e+00,5.35407280e+00,-3.75887509e-01,1.72375555e+00,-4.17522568e-01,3.98162168e+00,2.04697637e+00,2.87238684e+00,3.72812392e+00,-9.79777947e+00,5.32292345e+01,3.76986351e+01,1.91713326e+01,2.04626076e+01,3.72812392e+00,-9.79777947e+00,-2.02845487e+00,4.11826747e+00,5.53068131e+01,4.13230216e+01,2.12489112e+01,2.40869941e+01,-2.46449894e+00
"2006Q2",1.02075936e+03,1.02166137e+03,-9.02005395e-01,3.93301283e+02,3.94183654e+02,4.96000000e+00,5.78161811e+00,5.13000000e+00,4.51081580e+02,4.35944308e+00,1.43647375e+02,4.50582839e+02,4.90666667e+00,5.07000000e+00,1.45287302e+01,0.00000000e+00,1.00000000e+00,0.00000000e+00,0.00000000e+00,-9.43543896e+00,6.26637578e+00,3.27062354e+00,7.04100000e+01,1.18498065e+02,4.25433530e+02,2.01266667e+02,7.77638827e+01,5.30463073e+02,3.84922604e+00,3.59343624e+00,8.99205051e+00,6.85722951e+00,5.35411495e+00,5.35410886e+00,3.63793556e+00,1.50312064e+00,5.44248436e+00,3.74051326e+00,5.01129079e+00,3.05348351e+00,6.29700436e+00,-8.43026903e+00,1.47682463e+02,7.16435656e+01,3.91761699e+01,2.44545341e+01,6.29700436e+00,-8.43026903e+00,3.92663893e+00,6.75612423e+00,1.51275900e+02,7.54927917e+01,4.27696061e+01,2.83037602e+01,4.31193570e-01
"2006Q3",1.02233643e+03,1.02299986e+03,-6.63424023e-01,3.94494254e+02,3.94789407e+02,5.21333333e+00,5.72484036e+00,5.07000000e+00,4.54011819e+02,4.34921651e+00,1.48887291e+02,4.49652714e+02,5.24666667e+00,4.89666667e+00,1.36079365e+01,0.00000000e+00,0.00000000e+00,1.00000000e+00,0.00000000e+00,-6.50520002e+00,7.31625496e+00,3.47910732e+00,7.04166667e+01,1.24677574e+02,4.25442998e+02,2.03166667e+02,7.84979902e+01,5.31402666e+02,3.28554525e+00,3.75837266e+00,6.30828236e+00,6.53163022e+00,5.35395687e+00,5.35404910e+00,9.54325488e-01,1.17758112e+00,4.77188523e+00,3.42034924e+00,2.42301448e+00,2.92122581e+00,1.17209558e+01,-1.40776680e-01,2.09596636e+01,6.80952085e+01,-3.72050104e+00,7.53757147e+00,1.17209558e+01,-1.40776680e-01,4.19951672e+00,3.36030501e+00,2.47180363e+01,7.13807537e+01,3.78716153e-02,1.08231167e+01,2.34887075e+00
"2006Q4",1.02441798e+03,1.02433839e+03,7.95897126e-02,3.94244660e+02,3.95197072e+02,5.25000000e+00,5.66629932e+00,5.12666667e+00,4.52661503e+02,4.78000480e+00,1.41127086e+02,4.34016292e+02,5.24666667e+00,4.63000000e+00,1.10349206e+01,0.00000000e+00,0.00000000e+00,0.00000000e+00,1.00000000e+00,-7.85551563e+00,1.05678868e+01,3.20612658e+00,5.99766667e+01,1.16506354e+02,4.09395560e+02,2.02333333e+02,7.81760132e+01,5.30991650e+02,1.94633109e+00,-1.64406314e+00,8.32620112e+00,7.15117456e+00,5.35414618e+00,5.35406744e+00,2.97205494e+00,1.79710712e+00,-9.98374910e-01,2.19961803e+00,1.63066056e+00,2.77798555e+00,-5.40126246e+00,4.08620540e+00,-3.10408197e+01,4.77076355e+01,-6.25456888e+01,-1.97967183e+00,-5.40126246e+00,4.08620540e+00,1.30065273e+01,4.77605702e+00,-3.26848829e+01,4.96539665e+01,-6.41897519e+01,-3.33407427e-02,-2.62903547e+00
"2007Q1",1.02521615e+03,1.02567691e+03,-4.60768312e-01,3.94583554e+02,3.95864295e+02,5.03000000e+00,5.61382171e+00,4.78333333e+00,4.55383416e+02,4.86833916e+00,1.22641198e+02,4.29821509e+02,5.25666667e+00,4.68000000e+00,1.25636066e+01,1.00000000e+00,0.00000000e+00,0.00000000e+00,0.00000000e+00,-5.13360221e+00,1.30154633e+01,2.69112915e+00,5.80766667e+01,9.89960865e+01,4.06176398e+02,2.04317000e+02,7.89424473e+01,5.31967271e+02,2.40255713e+00,3.90248277e+00,3.19265808e+00,6.70479802e+00,5.35409018e+00,5.35407704e+00,-2.16143210e+00,1.35072097e+00,1.35557281e+00,2.64289187e+00,2.66889074e+00,2.93346414e+00,1.08876537e+01,5.87608785e+00,-7.39435513e+01,1.59144390e+01,-1.67791311e+01,-1.09672878e+01,1.08876537e+01,5.87608785e+00,9.79030626e+00,7.73074730e+00,-7.00410685e+01,1.83169961e+01,-1.28766484e+01,-8.56473064e+00,-1.31331793e+00
"2007Q2",1.02657766e+03,1.02689664e+03,-3.18980143e-01,3.96110302e+02,3.97088003e+02,5.00000000e+00,5.56607922e+00,4.52000000e+00,4.55257481e+02,5.39329810e+00,1.46823794e+02,4.39921746e+02,5.25000000e+00,4.84666667e+00,1.37319048e+01,0.00000000e+00,1.00000000e+00,0.00000000e+00,0.00000000e+00,-5.25953736e+00,2.06814756e+01,3.46616469e+00,6.49766667e+01,1.24304870e+02,4.17402823e+02,2.06631000e+02,7.98365130e+01,5.33093459e+02,2.63038652e+00,4.50475380e+00,5.44606561e+00,5.81830179e+00,4.87891293e+00,5.23527654e+00,5.67152678e-01,5.83025253e-01,6.10699485e+00,2.80901949e+00,4.89483294e+00,2.90434968e+00,-5.03740619e-01,4.17590160e+00,9.67303820e+01,3.17641865e+00,4.04009479e+01,-1.06610933e+01,-5.03740619e-01,4.17590160e+00,3.06640491e+01,1.44150998e+01,1.01235136e+02,5.80680517e+00,4.49057017e+01,-8.03070674e+00,1.21216191e+00
"2007Q3",1.02736863e+03,1.02811641e+03,-7.47776578e-01,3.99134863e+02,3.98766260e+02,5.39666667e+00,5.51515003e+00,4.32333333e+00,4.53624838e+02,5.17956830e+00,1.47112738e+02,4.54257011e+02,5.07333333e+00,4.73000000e+00,2.15892063e+01,0.00000000e+00,0.00000000e+00,1.00000000e+00,0.00000000e+00,-6.89218046e+00,3.12665926e+01,3.49819922e+00,7.54666667e+01,1.25224833e+02,4.32369106e+02,2.07939000e+02,8.03418880e+01,5.33724477e+02,2.32181072e+00,2.52406945e+00,3.16388734e+00,5.03220304e+00,4.87907308e+00,5.11655559e+00,-1.71518574e+00,-8.43525543e-02,1.20982413e+01,4.64060851e+00,6.71302664e+00,3.97685272e+00,-6.53057240e+00,-3.86980444e-01,1.15577959e+00,-1.77455237e+00,5.73410612e+01,4.60429729e+00,-6.53057240e+00,-3.86980444e-01,4.23404681e+01,2.39503377e+01,3.67984904e+00,5.47258352e-01,5.98651306e+01,6.92610801e+00,5.38521464e+00
"2007Q4",1.03029391e+03,1.02933618e+03,9.57732617e-01,4.01189195e+02,4.00091549e+02,5.79333333e+00,5.46080447e+00,4.77333333e+00,4.52372288e+02,5.07184466e+00,1.38849849e+02,4.71483247e+02,4.49666667e+00,4.26000000e+00,2.20298438e+01,0.00000000e+00,0.00000000e+00,0.00000000e+00,1.00000000e+00,-8.14473076e+00,3.64034245e+01,3.26027397e+00,9.07533333e+01,1.18181123e+02,4.50814520e+02,2.10489667e+02,8.13273952e+01,5.34943656e+02,3.95200601e+00,4.87671800e+00,1.17010932e+01,5.87592605e+00,4.87905641e+00,4.99778315e+00,6.82203678e+00,8.78142904e-01,8.21732834e+00,6.94453432e+00,5.30115392e+00,4.89447606e+00,-5.01020120e+00,-2.89215128e-01,-3.30515560e+01,-2.27723644e+00,6.89049403e+01,3.74669546e+01,-5.01020120e+00,-2.89215128e-01,2.05473274e+01,2.58355377e+01,-2.81748380e+01,1.67476957e+00,7.37816583e+01,4.14189606e+01,2.91617442e+00
"2008Q1",1.03270033e+03,1.03055592e+03,2.14441063e+00,4.02253679e+02,4.01558678e+02,6.22333333e+00,5.40393326e+00,4.85333333e+00,4.47137344e+02,4.34532702e+00,1.45897832e+02,4.78023463e+02,3.17666667e+00,3.66333333e+00,2.61201639e+01,1.00000000e+00,0.00000000e+00,0.00000000e+00,0.00000000e+00,-1.33796749e+01,4.64044045e+01,3.53624240e+00,9.79366667e+01,1.26306470e+02,4.58432101e+02,2.12769667e+02,8.22083243e+01,5.36021020e+02,4.05374941e+00,4.30945640e+00,9.62570856e+00,7.48418867e+00,4.87899650e+00,4.87900973e+00,4.74671206e+00,2.60517894e+00,4.25793715e+00,7.67012540e+00,5.86851891e+00,5.69438310e+00,-2.09397765e+01,-8.24607267e+00,2.81919286e+01,2.32566336e+01,2.61608667e+01,4.82019540e+01,-2.09397765e+01,-8.24607267e+00,4.00039201e+01,3.33889412e+01,3.25013850e+01,2.73103830e+01,3.04703231e+01,5.22557034e+01,-1.61058176e+00
"2008Q2",1.03350447e+03,1.03153644e+03,1.96802874e+00,4.04553790e+02,4.03723783e+02,6.36000000e+00,5.39744526e+00,4.59666667e+00,4.51995308e+02,4.00887791e+00,1.52575133e+02,5.00289329e+02,2.08666667e+00,3.88666667e+00,2.06729687e+01,0.00000000e+00,1.00000000e+00,0.00000000e+00,0.00000000e+00,-8.52171067e+00,4.08282067e+01,3.82961081e+00,1.23953333e+02,1.34276318e+02,4.81990515e+02,2.15537667e+02,8.32778030e+01,5.37313568e+02,4.22010878e+00,5.17019126e+00,3.21653324e+00,6.92680558e+00,3.92206079e+00,4.63979669e+00,-7.05527551e-01,2.28700889e+00,9.20044441e+00,8.44348779e+00,8.66042061e+00,6.63578002e+00,1.94318568e+01,-3.26217331e+00,2.67092038e+01,5.75133902e+00,8.90634645e+01,6.03675832e+01,1.94318568e+01,-3.26217331e+00,-2.23047911e+01,2.01467311e+01,3.18793951e+01,9.97144780e+00,9.42336558e+01,6.45876920e+01,5.40023798e-01
"2008Q3",1.03347866e+03,1.03251695e+03,9.61718122e-01,4.08014957e+02,4.05482498e+02,7.57333333e+00,5.33460329e+00,4.64333333e+00,4.59275424e+02,3.34553286e+00,1.41574310e+02,4.93879526e+02,1.94000000e+00,3.86333333e+00,2.50734375e+01,0.00000000e+00,0.00000000e+00,1.00000000e+00,0.00000000e+00,-1.24159443e+00,1.94053297e+01,3.48356467e+00,1.18050000e+02,1.24805610e+02,4.77110826e+02,2.18861000e+02,8.45618473e+01,5.38843683e+02,5.11920577e+00,6.12045741e+00,-1.03218508e-01,6.11002912e+00,3.92202398e+00,4.40053442e+00,-4.02524249e+00,1.70949470e+00,1.38446671e+01,8.88009426e+00,7.03485880e+00,6.71623806e+00,2.91204650e+01,5.65058603e+00,-4.40032908e+01,-5.53842858e+00,-2.56392123e+01,3.96225148e+01,2.91204650e+01,5.65058603e+00,-8.56915080e+01,-1.18612629e+01,-3.78828334e+01,-4.19222811e-01,-1.95187549e+01,4.47417206e+01,6.80980834e+00
"2008Q4",1.03255104e+03,1.03349748e+03,-9.46443045e-01,4.09430305e+02,4.07424173e+02,8.25000000e+00,5.27276285e+00,5.91666667e+00,4.67121440e+02,-5.70640051e-02,7.62539605e+01,4.25725745e+02,5.06666667e-01,3.25333333e+00,5.86046875e+01,0.00000000e+00,0.00000000e+00,0.00000000e+00,1.00000000e+00,6.60442173e+00,-1.96520498e+01,1.77124800e+00,5.83466667e+01,5.71684381e+01,4.06640223e+02,2.13848667e+02,8.26252201e+01,5.36526860e+02,1.58320373e+00,-9.26729014e+00,-3.71050836e+00,2.25712873e+00,3.92213631e+00,4.16130439e+00,-7.63264467e+00,-1.90417566e+00,5.66139401e+00,8.24111068e+00,7.76669924e+00,7.33262439e+00,3.13840647e+01,1.47491525e+01,-2.61281397e+02,-6.25958889e+01,-2.72615123e+02,-4.57575010e+01,3.13840647e+01,1.47491525e+01,-1.56229518e+02,-5.60554743e+01,-2.70548687e+02,-6.10126852e+01,-2.81882413e+02,-4.41742973e+01,-2.10530523e+00
"2009Q1",1.03197282e+03,1.03447798e+03,-2.50516441e+00,4.06975006e+02,4.08450646e+02,5.54666667e+00,5.20095515e+00,6.01000000e+00,4.59199639e+02,-2.13781702e+00,6.39301392e+01,3.95694027e+02,1.83333333e-01,2.73666667e+00,4.50000000e+01,1.00000000e+00,0.00000000e+00,0.00000000e+00,0.00000000e+00,-1.31737961e+00,-4.00300752e+01,1.55510599e+00,4.29133333e+01,4.41543704e+01,3.75918258e+02,2.12377667e+02,8.20568663e+01,5.35836614e+02,-1.84406713e-01,-2.76098537e+00,-2.31288303e+00,-7.27519166e-01,3.92200244e+00,3.92205588e+00,-6.23488547e+00,-4.64957504e+00,-9.82119768e+00,4.72132697e+00,4.10589411e+00,6.89196819e+00,-3.16872054e+01,1.20622953e+01,-4.92952852e+01,-8.19676924e+01,-1.20126876e+02,-8.23294366e+01,-3.16872054e+01,1.20622953e+01,-8.15121019e+01,-8.64344797e+01,-5.20562706e+01,-8.21520991e+01,-1.22887861e+02,-8.25138433e+01,-1.39270918e+01
"2009Q2",1.03079129e+03,1.03569775e+03,-4.90645707e+00,4.06378393e+02,4.08863146e+02,1.44000000e+00,5.13211336e+00,4.58000000e+00,4.55813374e+02,-1.68523639e+00,9.41576429e+01,4.27742161e+02,1.80000000e-01,3.31333333e+00,3.30157143e+01,0.00000000e+00,1.00000000e+00,0.00000000e+00,0.00000000e+00,-4.70364462e+00,-3.61502276e+01,2.11514258e+00,5.94400000e+01,7.49122224e+01,4.08496740e+02,2.13507000e+02,8.24932095e+01,5.36366962e+02,-9.46606257e-01,2.12139308e+00,-4.72611022e+00,-2.71318003e+00,4.87906040e+00,4.16130578e+00,-9.60517062e+00,-6.87448581e+00,-2.38645184e+00,1.82460291e+00,1.64999859e+00,5.13936269e+00,-1.35450601e+01,3.81806605e+00,1.20910015e+02,-5.84174896e+01,1.28192536e+02,-7.25471688e+01,-1.35450601e+01,3.81806605e+00,1.55193907e+01,-7.69784343e+01,1.23031408e+02,-5.93640959e+01,1.30313929e+02,-7.34937750e+01,-4.03645043e+00
"2009Q3",1.03179504e+03,1.03691750e+03,-5.12246027e+00,4.06170706e+02,4.08845333e+02,5.26666667e-01,5.07334573e+00,4.76666667e+00,4.56038257e+02,-4.37290056e-01,1.16133529e+02,4.40638051e+02,1.56666667e-01,3.51666667e+00,2.54862500e+01,0.00000000e+00,0.00000000e+00,1.00000000e+00,0.00000000e+00,-4.47876198e+00,-2.72783837e+01,2.65766579e+00,6.82033333e+01,9.77448215e+01,4.22249344e+02,2.15344000e+02,8.32029756e+01,5.37223675e+02,-1.62000756e+00,3.42685219e+00,4.01500834e+00,-1.68362332e+00,4.87902114e+00,4.40055507e+00,-8.64012806e-01,-6.08417839e+00,-8.30749297e-01,-1.84425120e+00,-7.12519072e-02,3.36283501e+00,8.99530555e-01,-3.23716755e+00,8.79035441e+01,-2.54407809e+01,5.15835635e+01,-5.32414748e+01,8.99530555e-01,-3.23716755e+00,3.54873756e+01,-4.66837134e+01,9.13303963e+01,-2.70607884e+01,5.50104156e+01,-5.48614824e+01,-7.59497390e-01
"2009Q4",1.03289347e+03,1.03813725e+03,-5.24378712e+00,4.06371320e+02,4.08881362e+02,5.00000000e-01,5.01761075e+00,4.50000000e+00,4.53506746e+02,3.11004445e+00,1.27992288e+02,4.50761073e+02,1.20000000e-01,3.46000000e+00,2.30718750e+01,0.00000000e+00,0.00000000e+00,0.00000000e+00,1.00000000e+00,-7.01027210e+00,7.29345737e+00,3.01570806e+00,7.60600000e+01,1.10383465e+02,4.33152250e+02,2.17030000e+02,8.38543994e+01,5.38003559e+02,1.47669931e+00,3.11953734e+00,4.39370723e+00,3.42430579e-01,4.87901465e+00,4.63977466e+00,-4.85307418e-01,-4.29734408e+00,8.02457753e-01,-3.05898526e+00,1.44117051e-01,1.45718946e+00,-1.01260405e+01,-1.36146938e+01,4.74350367e+01,5.17383276e+01,4.04920879e+01,2.50353279e+01,-1.01260405e+01,-1.36146938e+01,1.38287364e+02,2.69455071e+01,5.05545741e+01,5.32150269e+01,4.36116252e+01,2.65120272e+01,6.58340701e-01
"2010Q1",1.03355933e+03,1.03935701e+03,-5.79767927e+00,4.06717269e+02,4.08880201e+02,5.00000000e-01,4.95359289e+00,4.53666667e+00,4.52659070e+02,5.85058013e+00,1.36253206e+02,4.53938493e+02,1.33333333e-01,3.71666667e+00,2.01496721e+01,1.00000000e+00,0.00000000e+00,0.00000000e+00,0.00000000e+00,-7.85794862e+00,1.52806911e+01,3.28060419e+00,7.86400000e+01,1.18802761e+02,4.36488048e+02,2.17374000e+02,8.39873115e+01,5.38161937e+02,2.32532360e+00,6.33511794e-01,2.66346216e+00,1.58651688e+00,4.87903073e+00,4.87903173e+00,-2.21556857e+00,-3.29251485e+00,1.38379407e+00,-2.57737328e-01,-4.64529318e-03,4.29554611e-01,-3.39070607e+00,-6.54056901e+00,3.30436722e+01,7.23230670e+01,1.27096775e+01,5.82444662e+01,-3.39070607e+00,-6.54056901e+00,3.19489351e+01,5.53107664e+01,3.36771840e+01,7.46483906e+01,1.33431893e+01,6.05697898e+01,1.38843936e+00
"2010Q2",1.03706100e+03,1.04057678e+03,-3.51578180e+00,4.07567569e+02,4.09429261e+02,5.80000000e-01,4.88426882e+00,4.30000000e+00,4.53689545e+02,5.85626755e+00,1.33412080e+02,4.52887010e+02,1.93333333e-01,3.49000000e+00,2.63914286e+01,0.00000000e+00,1.00000000e+00,0.00000000e+00,0.00000000e+00,-6.82747388e+00,5.35855874e+00,3.18758505e+00,7.77900000e+01,1.15926359e+02,4.35401289e+02,2.17297333e+02,8.39576896e+01,5.38126662e+02,1.75969963e+00,-1.41102781e-01,1.40066495e+01,6.26970682e+00,4.87905966e+00,4.87903155e+00,9.12758988e+00,1.39067527e+00,3.40120330e+00,1.18917646e+00,2.19624154e+00,5.66115349e-01,4.12189897e+00,-2.12382925e+00,-1.13645043e+01,3.92544372e+01,-4.20593227e+00,2.51448491e+01,4.12189897e+00,-2.12382925e+00,-3.96885296e+01,4.15087863e+01,-1.15056071e+01,4.10141368e+01,-4.34703505e+00,2.69045488e+01,1.20496176e+00
"2010Q3",1.03940948e+03,1.04179652e+03,-2.38703603e+00,4.08395351e+02,4.09715006e+02,1.74666667e+00,4.81711104e+00,4.15000000e+00,4.51214061e+02,5.52089353e+00,1.36139642e+02,4.50336488e+02,1.86666667e-01,2.78666667e+00,2.42835938e+01,0.00000000e+00,0.00000000e+00,1.00000000e+00,0.00000000e+00,-9.30295762e+00,1.49352956e+01,3.28532765e+00,7.60533333e+01,1.18946639e+02,4.33143485e+02,2.17934333e+02,8.42038089e+01,5.38419379e+02,1.19570447e+00,1.17087152e+00,9.39395566e+00,7.61444365e+00,4.87897258e+00,4.87901941e+00,4.51498308e+00,2.73542424e+00,3.31112555e+00,2.22464517e+00,1.14297835e+00,8.69672913e-01,-9.90193498e+00,-4.82419564e+00,1.09102466e+01,2.00061128e+01,-1.02020874e+01,9.69843644e+00,-9.90193498e+00,-4.82419564e+00,3.83069475e+01,4.22136793e+01,1.20811181e+01,2.12018173e+01,-9.03121586e+00,1.08941409e+01,2.16814720e+00
"2010Q4",1.04128589e+03,1.04301627e+03,-1.73037864e+00,4.08812719e+02,4.10107329e+02,2.87666667e+00,4.75307829e+00,4.45333333e+00,4.48257958e+02,4.89187836e+00,1.52931865e+02,4.60765326e+02,1.86666667e-01,2.86333333e+00,1.93184375e+01,0.00000000e+00,0.00000000e+00,0.00000000e+00,1.00000000e+00,-1.22590604e+01,2.37903993e+01,3.91749826e+00,8.50966667e+01,1.36545325e+02,4.44378787e+02,2.19699000e+02,8.48856273e+01,5.39225843e+02,1.22228349e+00,3.22585342e+00,7.50563224e+00,8.39242490e+00,4.87900269e+00,4.87901642e+00,2.62662955e+00,3.51340848e+00,1.66947442e+00,2.44139933e+00,1.56929099e+00,1.22596640e+00,-1.18244112e+01,-5.24878833e+00,6.71688921e+01,2.49395766e+01,4.17153532e+01,1.00042528e+01,-1.18244112e+01,-5.24878833e+00,3.54204148e+01,1.64969420e+01,7.03947455e+01,2.61618601e+01,4.49412067e+01,1.12265363e+01,1.00183428e-01
"2011Q1",1.04363697e+03,1.04423603e+03,-5.99055767e-01,4.09593056e+02,4.10604206e+02,3.43666667e+00,4.73769349e+00,4.56666667e+00,4.51020603e+02,4.80730146e+00,1.62979803e+02,4.69160328e+02,1.56666667e-01,3.46000000e+00,1.86148387e+01,1.00000000e+00,0.00000000e+00,0.00000000e+00,0.00000000e+00,-9.49641551e+00,3.10143178e+01,4.37780852e+00,9.35366667e+01,1.47654826e+02,4.53835352e+02,2.22043667e+02,8.57915418e+01,5.40287406e+02,2.12546869e+00,4.24625260e+00,9.40431055e+00,1.00776370e+01,4.87901906e+00,4.87901350e+00,4.52529149e+00,5.19862350e+00,3.12134632e+00,2.87578740e+00,1.98750718e+00,1.72400452e+00,1.10505797e+01,-1.63846690e+00,4.01917515e+01,2.67265965e+01,3.35800078e+01,1.52218354e+01,1.10505797e+01,-1.63846690e+00,2.88956737e+01,1.57336266e+01,4.44380041e+01,2.88520652e+01,3.78262604e+01,1.73473040e+01,1.13383914e+00
"2011Q2",1.04526885e+03,1.04526457e+03,4.28376317e-03,4.10817903e+02,4.11401175e+02,4.74333333e+00,4.72327264e+00,4.26666667e+00,4.51022650e+02,4.28052315e+00,1.56536030e+02,4.76916896e+02,9.33333333e-02,3.21000000e+00,1.74823810e+01,0.00000000e+00,1.00000000e+00,0.00000000e+00,0.00000000e+00,-9.49436860e+00,3.39201428e+01,4.15127914e+00,1.02230000e+02,1.42341651e+02,4.62722518e+02,2.24568333e+02,8.67670033e+01,5.41418004e+02,3.29134256e+00,4.52239270e+00,6.52753921e+00,8.20785942e+00,4.11418109e+00,4.68779386e+00,2.41335812e+00,3.52006556e+00,4.89938918e+00,3.25033387e+00,3.18787785e+00,1.97191359e+00,8.18766380e-03,-2.66689472e+00,-2.57750917e+01,2.31239496e+01,3.10262715e+01,2.40298863e+01,8.18766379e-03,-2.66689472e+00,1.16233000e+01,2.85615840e+01,-2.12526990e+01,2.64152922e+01,3.55486642e+01,2.73212289e+01,1.71151133e+00
"2011Q3",1.04669159e+03,1.04629313e+03,3.98452726e-01,4.11464225e+02,4.11789401e+02,5.25000000e+00,4.70826742e+00,4.39666667e+00,4.51235842e+02,3.64087555e+00,1.54121052e+02,4.63210085e+02,8.33333333e-02,2.42666667e+00,3.05835937e+01,0.00000000e+00,0.00000000e+00,1.00000000e+00,0.00000000e+00,-9.28117658e+00,2.06729538e+01,4.07865070e+00,8.97166667e+01,1.40576622e+02,4.49665656e+02,2.26032667e+02,8.73327813e+01,5.42067953e+02,3.64857374e+00,2.59979625e+00,5.69092345e+00,7.28210137e+00,4.11424760e+00,4.49661261e+00,1.57667585e+00,2.78548875e+00,2.58528801e+00,3.06887448e+00,1.55290271e+00,2.07439468e+00,8.52768087e-01,2.17810445e-02,-9.65991272e+00,1.79814098e+01,-5.48272444e+01,1.28735970e+01,8.52768087e-01,2.17810445e-02,-5.29887558e+01,5.73765820e+00,-7.06011647e+00,2.16299835e+01,-5.22274482e+01,1.65221708e+01,1.03238529e+00
"2011Q4",1.04840236e+03,1.04732166e+03,1.08070464e+00,4.12746997e+02,4.12420244e+02,5.25000000e+00,4.68908163e+00,4.66000000e+00,4.55728646e+02,3.32475236e+00,1.35384649e+02,4.67440193e+02,7.33333333e-02,2.04666667e+00,2.99395238e+01,0.00000000e+00,0.00000000e+00,0.00000000e+00,1.00000000e+00,-4.78837266e+00,-4.25672136e-02,3.39696090e+00,9.40133333e+01,1.22288118e+02,4.54343662e+02,2.27047333e+02,8.77248204e+01,5.42515851e+02,3.29000849e+00,1.79159241e+00,6.84311740e+00,7.11647265e+00,4.11410975e+00,4.30538938e+00,2.72900764e+00,2.81108328e+00,5.13108607e+00,3.93427740e+00,2.52337169e+00,2.31291486e+00,1.79712157e+01,7.47068778e+00,-7.49456100e+01,-1.75472157e+01,1.69204315e+01,6.67486661e+00,1.79712157e+01,7.47068778e+00,-8.28620842e+01,-2.38329665e+01,-7.31540176e+01,-1.42572072e+01,1.87120239e+01,9.96487510e+00,2.60771438e+00
"2012Q1",1.05067527e+03,1.04835021e+03,2.32505474e+00,4.13657798e+02,4.13510355e+02,5.03333333e+00,4.66499113e+00,4.49666667e+00,4.51352820e+02,3.25182495e+00,1.45198971e+02,4.75888025e+02,1.03333333e-01,2.03666667e+00,1.82040323e+01,1.00000000e+00,0.00000000e+00,0.00000000e+00,0.00000000e+00,-9.16419906e+00,-8.36363208e+00,3.76836161e+00,1.02876667e+02,1.32664032e+02,4.63353086e+02,2.28326000e+02,8.82188619e+01,5.43077443e+02,2.79003731e+00,2.24636786e+00,9.09161982e+00,7.03829997e+00,4.11421940e+00,4.11418946e+00,4.97740042e+00,2.92411051e+00,3.64320283e+00,4.06474152e+00,4.36044536e+00,2.90614940e+00,-1.75033056e+01,3.32216455e-01,3.92572886e+01,-1.77808315e+01,3.37913296e+01,6.72769704e+00,-1.75033056e+01,3.32216455e-01,-3.32842594e+01,-3.93779498e+01,4.15036565e+01,-1.49907941e+01,3.60376974e+01,9.51773435e+00,-7.17242532e-01
"2012Q2",1.05271489e+03,1.04928261e+03,3.43228147e+00,4.13867821e+02,4.14257574e+02,5.00000000e+00,4.64350481e+00,4.55333333e+00,4.51349049e+02,2.83764294e+00,1.39531495e+02,4.66041741e+02,1.53333333e-01,1.82333333e+00,2.00357143e+01,0.00000000e+00,1.00000000e+00,0.00000000e+00,0.00000000e+00,-9.16796929e+00,-1.22991514e+01,3.56824670e+00,9.34266667e+01,1.27207435e+02,4.53717681e+02,2.28808000e+02,8.84050934e+01,5.43288322e+02,1.87031830e+00,8.43516656e-01,8.15847480e+00,7.44603387e+00,3.72956788e+00,4.01803616e+00,4.42890693e+00,3.42799771e+00,8.40091794e-01,3.04991717e+00,2.98887692e+00,2.85639917e+00,-1.50809141e-02,3.26399311e-01,-2.26699032e+01,-1.70045343e+01,-3.93851346e+01,-1.08751545e+01,-1.50809141e-02,3.26399311e-01,-1.57420774e+01,-4.62192942e+01,-2.18263866e+01,-1.51342160e+01,-3.85416180e+01,-9.00483619e+00,-2.14878512e+00
"2012Q3",1.05369895e+03,1.05021501e+03,3.48394012e+00,4.14070458e+02,4.14529700e+02,5.00000000e+00,4.61988667e+00,4.52000000e+00,4.48454939e+02,2.90851124e+00,1.37158197e+02,4.64247925e+02,1.43333333e-01,1.64333333e+00,1.61926984e+01,0.00000000e+00,0.00000000e+00,1.00000000e+00,0.00000000e+00,-1.20620797e+01,-6.68195968e+00,3.50029030e+00,9.21800000e+01,1.25284591e+02,4.52374319e+02,2.29841000e+02,8.88042161e+01,5.43738777e+02,1.67082339e+00,1.80181663e+00,3.93626223e+00,7.00736856e+00,3.72962766e+00,3.92188117e+00,2.06634573e-01,3.08548739e+00,8.10548741e-01,2.60623236e+00,1.08850295e+00,2.74029923e+00,-1.15764415e+01,-2.78090308e+00,-9.49319470e+00,-1.69628548e+01,-7.17526765e+00,1.03783970e+00,-1.15764415e+01,-2.78090308e+00,2.24687670e+01,-2.73549135e+01,-7.69137806e+00,-1.52920314e+01,-5.37345102e+00,2.70866310e+00,-2.77954214e-01
"2012Q4",1.05397971e+03,1.05114741e+03,2.83229964e+00,4.14901194e+02,4.15115514e+02,5.00000000e+00,4.59752462e+00,4.54000000e+00,4.47722055e+02,2.81271832e+00,1.38953431e+02,4.58899071e+02,1.60000000e-01,1.70666667e+00,1.67529032e+01,0.00000000e+00,0.00000000e+00,0.00000000e+00,1.00000000e+00,-1.27949638e+01,-8.48547430e-01,3.58739303e+00,8.79600000e+01,1.27742576e+02,4.47688217e+02,2.31369333e+02,8.93947219e+01,5.44401528e+02,1.88567667e+00,2.65100553e+00,1.12302191e+00,5.57734469e+00,3.72958383e+00,3.82574969e+00,-2.60656192e+00,1.75159500e+00,3.32294352e+00,2.15419672e+00,2.34325486e+00,2.69527002e+00,-2.93153671e+00,-8.00659118e+00,7.18093599e+00,3.56878167e+00,-2.13954142e+01,-8.54112172e+00,-2.93153671e+00,-8.00659118e+00,2.33336490e+01,-8.05980216e-01,9.83194152e+00,5.45445834e+00,-1.87444086e+01,-6.65544505e+00,9.79688662e-01
"2013Q1",1.05470509e+03,1.05207980e+03,2.62529577e+00,4.15175054e+02,4.16012131e+02,5.00000000e+00,4.52892448e+00,4.79666667e+00,4.46927505e+02,2.89587380e+00,1.38789500e+02,4.65496700e+02,1.43333333e-01,1.95000000e+00,1.35270000e+01,1.00000000e+00,0.00000000e+00,0.00000000e+00,0.00000000e+00,-1.35895138e+01,-9.49453708e-01,3.59591309e+00,9.43366667e+01,1.27979795e+02,4.54686994e+02,2.32299333e+02,8.97540482e+01,5.44802677e+02,1.72523376e+00,1.60459624e+00,2.90152965e+00,4.02982215e+00,3.72954510e+00,3.72958112e+00,-8.28015452e-01,3.00241033e-01,1.09544055e+00,1.51725615e+00,3.58646874e+00,2.50177587e+00,-3.17819985e+00,-4.42531474e+00,-6.55721948e-01,-6.40947098e+00,2.63905151e+01,-1.03913253e+01,-3.17819985e+00,-4.42531474e+00,-4.03625114e-01,7.41417837e+00,9.48874289e-01,-4.68423721e+00,2.79951113e+01,-8.66609157e+00,-2.49102818e+00
"2013Q2",1.05540177e+03,1.05281878e+03,2.58299394e+00,4.15525754e+02,4.16948505e+02,5.00000000e+00,4.50583527e+00,4.51000000e+00,4.48451454e+02,3.26921863e+00,1.28513294e+02,4.65355055e+02,1.16666667e-01,1.99666667e+00,1.48370313e+01,0.00000000e+00,1.00000000e+00,0.00000000e+00,0.00000000e+00,-1.20655647e+01,1.86507070e+00,3.24118963e+00,9.41000000e+01,1.17594043e+02,4.54435805e+02,2.32045000e+02,8.96557808e+01,5.44693132e+02,1.40480944e+00,-4.38180618e-01,2.78672238e+00,2.68688404e+00,2.95592970e+00,3.53617157e+00,-1.69207329e-01,-8.49287531e-01,1.40280301e+00,1.65793396e+00,3.74549660e+00,2.69093079e+00,6.09579625e+00,-2.89759545e+00,-4.11048253e+01,-1.10182015e+01,-5.66578361e-01,-6.86686269e-01,6.09579625e+00,-2.89759545e+00,1.12580976e+01,1.41642221e+01,-4.15430059e+01,-9.61339203e+00,-1.00475898e+00,7.18123176e-01,-2.34269359e+00
"2013Q3",1.05591537e+03,1.05355773e+03,2.35763222e+00,4.16218996e+02,4.17474531e+02,5.00000000e+00,4.48413679e+00,4.43333333e+00,4.51552484e+02,3.39644488e+00,1.27036967e+02,4.76575866e+02,8.33333333e-02,2.71000000e+00,1.42796875e+01,0.00000000e+00,0.00000000e+00,1.00000000e+00,0.00000000e+00,-8.96453454e+00,-5.47531553e+00,3.21096344e+00,1.05843333e+02,1.16657103e+02,4.66196001e+02,2.33300000e+02,9.01406782e+01,5.45232518e+02,1.49374135e+00,2.15754426e+00,2.05437782e+00,2.21641294e+00,2.95582471e+00,3.34272084e+00,-9.01446893e-01,-1.12630790e+00,2.77296600e+00,2.14853827e+00,2.10410536e+00,2.94483139e+00,1.24041208e+01,3.09754512e+00,-5.90530591e+00,-1.01212293e+01,4.48832425e+01,1.23279413e+01,1.24041208e+01,3.09754512e+00,-2.93615449e+01,1.20664415e+00,-3.74776165e+00,-8.62748793e+00,4.70407867e+01,1.38216826e+01,6.68860645e-01
"2013Q4",1.05630092e+03,1.05429670e+03,2.00422059e+00,4.17215247e+02,4.18453472e+02,4.68333333e+00,4.45936493e+00,4.50000000e+00,4.52954660e+02,3.59385555e+00,1.27705115e+02,4.67835204e+02,8.66666667e-02,2.74666667e+00,1.42328125e+01,0.00000000e+00,0.00000000e+00,0.00000000e+00,1.00000000e+00,-7.56235846e+00,-4.07384840e+00,3.24444192e+00,9.73433333e+01,1.17694336e+02,4.57824425e+02,2.34162667e+02,9.04739888e+01,5.45601603e+02,1.20007512e+00,1.47634061e+00,1.54223242e+00,2.32121557e+00,2.95587894e+00,3.14929461e+00,-1.41364651e+00,-8.28079047e-01,3.98500390e+00,2.31405337e+00,3.91576124e+00,3.33795798e+00,5.60870432e+00,5.23260537e+00,2.67258980e+00,-1.12483158e+01,-3.49626467e+01,8.93613311e+00,5.60870432e+00,5.23260537e+00,5.60586852e+00,-3.22530097e+00,4.14893041e+00,-1.00482407e+01,-3.34863061e+01,1.01362082e+01,6.92426562e-02
"2014Q1",1.05664770e+03,1.05503567e+03,1.61202777e+00,4.18313266e+02,4.19578968e+02,4.33666667e+00,4.33002638e+00,4.30120663e+00,4.58051421e+02,3.59906590e+00,1.25471840e+02,4.68645689e+02,7.33333333e-02,2.76333333e+00,1.48288525e+01,1.00000000e+00,0.00000000e+00,0.00000000e+00,0.00000000e+00,-2.46559754e+00,-3.49804671e+00,3.19254740e+00,9.87466667e+01,1.16081916e+02,4.59255765e+02,2.35621000e+02,9.10374485e+01,5.46222458e+02,1.41978120e+00,2.48342056e+00,1.38710580e+00,1.94260961e+00,2.95587707e+00,2.95587761e+00,-1.56877127e+00,-1.01326800e+00,4.39207556e+00,3.13821212e+00,4.50198663e+00,3.56683746e+00,2.03870437e+01,1.11239163e+01,-8.93310009e+00,-1.33176604e+01,3.24193940e+00,3.14898919e+00,2.03870437e+01,1.11239163e+01,2.30320678e+00,-2.54859300e+00,-6.44967954e+00,-1.18978792e+01,5.72535996e+00,4.56877039e+00,-1.09911076e-01
"2014Q2",1.05709583e+03,1.05577465e+03,1.32117607e+00,4.19890652e+02,4.21444686e+02,4.00000000e+00,4.29839136e+00,3.98914435e+00,4.57879529e+02,2.88456082e+00,1.21305561e+02,4.72669154e+02,9.33333333e-02,2.62333333e+00,1.27382540e+01,0.00000000e+00,1.00000000e+00,0.00000000e+00,0.00000000e+00,-2.63748948e+00,-1.11283237e+00,3.07853276e+00,1.03346667e+02,1.12445311e+02,4.63808903e+02,2.36872333e+02,9.15209291e+01,5.46752132e+02,2.05899997e+00,2.11869446e+00,1.79251672e+00,1.69405819e+00,2.95592354e+00,2.95587607e+00,-1.16340682e+00,-1.26181787e+00,6.30954284e+00,4.36489707e+00,7.46287233e+00,4.49618139e+00,-6.87567769e-01,9.42807526e+00,-1.66651136e+01,-7.20773246e+00,1.60938595e+01,7.31409865e+00,-6.87567769e-01,9.42807526e+00,9.54085733e+00,-2.97790308e+00,-1.45464192e+01,-5.14873249e+00,1.82125539e+01,9.37309862e+00,-1.15332948e+00
"2014Q3",1.05707579e+03,1.05651361e+03,5.62182060e-01,4.20764426e+02,4.22100045e+02,3.62333333e+00,4.26398440e+00,3.62496659e+00,4.60323476e+02,2.78859959e+00,1.24032900e+02,4.66876749e+02,9.00000000e-02,2.49666667e+00,1.30726562e+01,0.00000000e+00,0.00000000e+00,1.00000000e+00,0.00000000e+00,-1.93542512e-01,-3.56481058e+00,3.17174393e+00,9.77800000e+01,1.15428157e+02,4.58272006e+02,2.37478333e+02,9.17550708e+01,5.47007639e+02,1.77512122e+00,1.02202927e+00,-8.01666771e-02,1.16042207e+00,2.95580935e+00,2.95587223e+00,-3.03597603e+00,-1.79545016e+00,3.49509770e+00,4.54543000e+00,2.62143295e+00,4.62551329e+00,9.77578787e+00,8.77099203e+00,1.09093562e+01,-3.00406694e+00,-2.31696195e+01,-9.69911685e+00,9.77578787e+00,8.77099203e+00,-9.80791282e+00,1.91050495e+00,1.19313855e+01,-1.22894571e+00,-2.21475902e+01,-7.92399562e+00,8.73664742e-01
"2014Q4",1.05812908e+03,1.05725259e+03,8.76484291e-01,4.22341056e+02,4.23398226e+02,3.04666667e+00,4.23214046e+00,3.79112838e+00,4.58251681e+02,2.90482419e+00,1.18824939e+02,4.38118378e+02,1.00000000e-01,2.28000000e+00,1.60723438e+01,0.00000000e+00,0.00000000e+00,0.00000000e+00,1.00000000e+00,-2.26533806e+00,-9.70835378e+00,3.00330823e+00,7.31600000e+01,1.09971443e+02,4.29264882e+02,2.36888333e+02,9.15271111e+01,5.46758886e+02,1.15728322e+00,-9.95011405e-01,4.21315673e+00,1.82815314e+00,2.95594781e+00,2.95588944e+00,1.25720892e+00,-1.12773630e+00,6.30651980e+00,5.12580897e+00,5.19272372e+00,4.94475391e+00,-8.28718218e+00,5.29702041e+00,-2.08318471e+01,-8.88017616e+00,-1.15033482e+02,-2.97168257e+01,-8.28718218e+00,5.29702041e+00,-2.45741728e+01,-5.63450537e+00,-2.18268585e+01,-7.72289294e+00,-1.16028493e+02,-2.85595425e+01,1.11379608e+00
"2015Q1",1.05844428e+03,1.05799155e+03,4.52729467e-01,4.22594259e+02,4.24694401e+02,3.00000000e+00,4.15728188e+00,3.69442920e+00,4.57399269e+02,3.16800048e+00,1.06485128e+02,3.97741701e+02,1.10000000e-01,1.96666667e+00,1.65647541e+01,1.00000000e+00,0.00000000e+00,0.00000000e+00,0.00000000e+00,-3.11774978e+00,-1.89418253e+01,2.63747619e+00,4.85400000e+01,9.69822470e+01,3.88238820e+02,2.35355000e+02,9.09346734e+01,5.46109501e+02,-1.12956936e-01,-2.59754006e+00,1.26080259e+00,1.79657734e+00,2.95582189e+00,2.95587565e+00,-1.69501929e+00,-1.15929831e+00,1.01281313e+00,4.28099337e+00,5.18470257e+00,5.11543289e+00,-3.40964689e+00,-6.52152240e-01,-4.93592424e+01,-1.89867117e+01,-1.61506709e+02,-7.09039878e+01,-3.40964689e+00,-6.52152240e-01,-3.69338860e+01,-1.54437786e+01,-5.19567824e+01,-1.90996687e+01,-1.64104249e+02,-7.10169448e+01,-4.17188943e+00
"2015Q2",1.05948078e+03,1.05868195e+03,7.98837905e-01,4.23980746e+02,4.26471147e+02,3.00000000e+00,4.13622674e+00,3.56805302e+00,4.54347631e+02,2.89641859e+00,1.09844414e+02,4.14602831e+02,1.23333333e-01,2.16666667e+00,1.37401587e+01,0.00000000e+00,1.00000000e+00,0.00000000e+00,0.00000000e+00,-6.16938735e+00,-2.41673088e+01,2.74618223e+00,5.78466667e+01,1.01021167e+02,4.05779583e+02,2.36960000e+02,9.15548011e+01,5.46789135e+02,3.70032442e-02,2.71853518e+00,4.14602509e+00,2.38495443e+00,2.76159134e+00,2.90729260e+00,1.38443375e+00,-5.22338164e-01,5.54594754e+00,4.09009454e+00,7.10698222e+00,5.02646037e+00,-1.22065503e+01,-3.53189787e+00,1.34371430e+01,-1.14611476e+01,6.74445174e+01,-5.80663233e+01,-1.22065503e+01,-3.53189787e+00,-2.09019340e+01,-2.30544764e+01,1.61556782e+01,-1.14241443e+01,7.01630526e+01,-5.80293201e+01,-1.56103469e+00
"2015Q3",1.06013448e+03,1.05937232e+03,7.62160078e-01,4.25403502e+02,4.27482484e+02,3.00000000e+00,4.11737353e+00,3.43526983e+00,4.59502398e+02,2.32466402e+00,9.52394063e+01,3.92212117e+02,1.36666667e-01,2.22000000e+00,1.93073438e+01,0.00000000e+00,0.00000000e+00,1.00000000e+00,0.00000000e+00,-1.01462035e+00,-2.17355680e+01,2.38197859e+00,4.64166667e+01,8.67931483e+01,3.83765859e+02,2.37855000e+02,9.19006044e+01,5.47166124e+02,1.58485307e-01,1.50795752e+00,2.61479998e+00,3.05869610e+00,2.76151129e+00,2.85871808e+00,-1.46711307e-01,1.99978018e-01,5.69102216e+00,4.63907566e+00,4.04534740e+00,5.38243898e+00,2.06190680e+01,-8.21077842e-01,-5.84200305e+01,-2.87934942e+01,-8.95628541e+01,-7.46646320e+01,2.06190680e+01,-8.21077842e-01,9.72696308e+00,-1.81707574e+01,-5.69120730e+01,-2.86350089e+01,-8.80548966e+01,-7.45061467e+01,1.64567476e+00
"2015Q4",1.06081441e+03,1.06006270e+03,7.51707121e-01,4.26360280e+02,4.28611353e+02,3.24333333e+00,4.10056633e+00,3.74044576e+00,4.59380467e+02,1.93845625e+00,8.80492348e+01,3.82101669e+02,1.60000000e-01,2.19000000e+00,1.70332813e+01,0.00000000e+00,0.00000000e+00,0.00000000e+00,1.00000000e+00,-1.13655209e+00,-1.96852977e+01,2.21655478e+00,4.19500000e+01,7.95954089e+01,3.73647843e+02,2.37837000e+02,9.18936497e+01,5.47158557e+02,3.99670236e-01,-3.02716884e-02,2.71968999e+00,2.68532941e+00,2.76150181e+00,2.81010658e+00,-4.18118271e-02,-1.24777170e-01,3.82711442e+00,4.01922431e+00,4.51547729e+00,5.21312737e+00,-4.87726939e-01,1.12878597e+00,-2.87606857e+01,-3.07757039e+01,-4.04417912e+01,-5.60167093e+01,-4.87726939e-01,1.12878597e+00,8.20108122e+00,-9.97694392e+00,-2.87909574e+01,-3.03760337e+01,-4.04720629e+01,-5.56170391e+01,-6.88362869e-01
"2016Q1",1.06137864e+03,1.06075307e+03,6.25578205e-01,4.27139569e+02,4.29756324e+02,3.50000000e+00,4.03394286e+00,3.85677054e+00,4.56999238e+02,1.98103567e+00,8.35471052e+01,3.58720707e+02,3.60000000e-01,1.92000000e+00,2.04862295e+01,1.00000000e+00,0.00000000e+00,0.00000000e+00,0.00000000e+00,-3.51778060e+00,-1.33595380e+01,2.11766004e+00,3.31833333e+01,7.50311726e+01,3.50204774e+02,2.37689333e+02,9.18365954e+01,5.47096450e+02,9.86948629e-01,-2.48426488e-01,2.25694552e+00,2.93436514e+00,2.76146119e+00,2.76151641e+00,-5.04515664e-01,1.72848738e-01,3.11715317e+00,4.54530932e+00,4.57988606e+00,5.06192325e+00,-9.52491404e+00,-4.00030821e-01,-1.80085187e+01,-2.29380230e+01,-9.35238499e+01,-3.90209945e+01,-9.52491404e+00,-4.00030821e-01,2.53030389e+01,5.58228731e+00,-1.82569452e+01,-2.19510743e+01,-9.37722764e+01,-3.80340458e+01,-1.46273290e+00
"2016Q2",1.06126998e+03,1.06141912e+03,-1.49139538e-01,4.28109027e+02,4.31146211e+02,3.50000000e+00,4.02221956e+00,3.66854925e+00,4.55992720e+02,2.21802976e+00,8.40580172e+01,3.89285224e+02,3.73333333e-01,1.75333333e+00,1.56759375e+01,0.00000000e+00,1.00000000e+00,0.00000000e+00,0.00000000e+00,-4.52429824e+00,-3.85656990e+00,2.14553056e+00,4.54066667e+01,7.63386868e+01,3.81565894e+02,2.39590333e+02,9.25710893e+01,5.47893052e+02,1.10391699e+00,3.18640862e+00,-4.34648611e-01,1.78919672e+00,2.66422236e+00,2.73717416e+00,-3.09887097e+00,-9.47977442e-01,3.87783508e+00,4.12828121e+00,5.55954470e+00,4.67506386e+00,-4.02607055e+00,1.64508912e+00,2.04364799e+00,-2.57863967e+01,1.22258070e+02,-2.53176064e+01,-4.02607055e+00,1.64508912e+00,3.80118722e+01,2.03107389e+01,5.23005661e+00,-2.46824797e+01,1.25444478e+02,-2.42136895e+01,-1.68170962e+00
"2016Q3",1.06211499e+03,1.06208516e+03,2.98264996e-02,4.28837839e+02,4.31714738e+02,3.50000000e+00,4.00991416e+00,3.67821116e+00,4.53579212e+02,2.42199900e+00,8.45538029e+01,3.87628113e+02,3.96666667e-01,1.56333333e+00,1.32339063e+01,0.00000000e+00,0.00000000e+00,1.00000000e+00,0.00000000e+00,-6.93780645e+00,4.39358052e+00,2.16534670e+00,4.48500000e+01,7.72580487e+01,3.80332359e+02,2.40607333e+02,9.29640300e+01,5.48316628e+02,1.15050381e+00,1.69430481e+00,3.38002837e+00,1.98050382e+00,2.66416422e+00,2.71283740e+00,7.15864149e-01,-7.32333578e-01,2.91524653e+00,3.43433730e+00,2.27410872e+00,4.23225419e+00,-9.65403286e+00,-5.92318610e+00,1.98314280e+00,-1.06856034e+01,-6.62844427e+00,-4.58400398e+00,-9.65403286e+00,-5.92318610e+00,3.30006017e+01,2.61291485e+01,3.67744761e+00,-9.53509958e+00,-4.93413946e+00,-3.43350016e+00,6.41137811e-01
"2016Q4",1.06223245e+03,1.06275123e+03,-5.18783856e-01,4.29149469e+02,4.32048289e+02,3.50000000e+00,4.00617560e+00,3.56313903e+00,4.52239225e+02,2.67525066e+00,9.40113320e+01,3.96123531e+02,4.50000000e-01,2.13000000e+00,1.40979365e+01,0.00000000e+00,0.00000000e+00,0.00000000e+00,1.00000000e+00,-8.27779318e+00,8.02354695e+00,2.39524026e+00,4.91366667e+01,8.73483541e+01,3.89460553e+02,2.42134667e+02,9.35541494e+01,5.48949405e+02,1.79084801e+00,2.53110511e+00,4.69839677e-01,1.41804124e+00,2.66428110e+00,2.68853222e+00,-2.19444142e+00,-1.27049098e+00,1.24651870e+00,2.78918837e+00,1.33420530e+00,3.43693620e+00,-5.35994690e+00,-7.14124109e+00,3.78301166e+01,5.96209718e+00,3.39816720e+01,1.40218618e+01,-5.35994690e+00,-7.14124109e+00,1.45198657e+01,2.77088446e+01,4.03612217e+01,7.75294519e+00,3.65127772e+01,1.58127098e+01,-8.76866088e-02
"2017Q1",1.06210864e+03,1.06341728e+03,-1.30864277e+00,4.29856605e+02,4.32871221e+02,3.29333333e+00,3.98529977e+00,3.51666667e+00,4.51512728e+02,3.27212549e+00,1.03268810e+02,4.00636346e+02,7.00000000e-01,2.44333333e+00,1.16919355e+01,1.00000000e+00,0.00000000e+00,0.00000000e+00,0.00000000e+00,-9.00429070e+00,1.22323821e+01,2.64605824e+00,5.17666667e+01,9.73071077e+01,3.94674644e+02,2.43838667e+02,9.42125280e+01,5.49650680e+02,2.55423055e+00,2.80510368e+00,-4.95253347e-01,7.29991522e-01,2.66418233e+00,2.66421250e+00,-3.15943567e+00,-1.93422098e+00,2.82854537e+00,2.71703642e+00,3.29172656e+00,3.11489632e+00,-2.90599009e+00,-5.48651010e+00,3.70299105e+01,1.97217045e+01,1.80512604e+01,4.19156394e+01,-2.90599009e+00,-5.48651010e+00,1.68353407e+01,2.55919201e+01,3.98350142e+01,2.22759350e+01,2.08563640e+01,4.44698700e+01,-4.63181192e-01
"2017Q2",1.06303437e+03,1.06405897e+03,-1.02459439e+00,4.30383923e+02,4.33919041e+02,2.67666667e+00,3.96438924e+00,3.25666667e+00,4.53611210e+02,3.52319139e+00,1.00185102e+02,3.93465247e+02,9.50000000e-01,2.26333333e+00,1.14263492e+01,0.00000000e+00,1.00000000e+00,0.00000000e+00,0.00000000e+00,-6.90580812e+00,5.92166411e+00,2.56866703e+00,4.82400000e+01,9.43387099e+01,3.87618855e+02,2.44120000e+02,9.43212274e+01,5.49765991e+02,1.87293873e+00,4.61241304e-01,3.70294293e+00,1.76438941e+00,2.56674940e+00,2.63984426e+00,1.13619353e+00,-8.75454855e-01,2.10927307e+00,2.27489592e+00,4.19128143e+00,2.77283050e+00,8.39393032e+00,-2.38150988e+00,-1.23348325e+01,1.61270844e+01,-2.86843969e+01,4.18002280e+00,8.39393032e+00,-2.38150988e+00,-2.52428721e+01,9.77823401e+00,-1.18735912e+01,1.80000231e+01,-2.82231556e+01,6.05296153e+00,-2.08200836e+00
"2017Q3",1.06432223e+03,1.06470065e+03,-3.78423951e-01,4.30490700e+02,4.34125650e+02,2.50000000e+00,3.95154463e+00,3.12000000e+00,4.52252188e+02,3.81417847e+00,1.11107695e+02,3.92829288e+02,1.15333333e+00,2.24333333e+00,1.09442857e+01,0.00000000e+00,0.00000000e+00,1.00000000e+00,0.00000000e+00,-8.26483095e+00,4.99020252e+00,2.87882458e+00,4.81633333e+01,1.05738208e+02,3.87459801e+02,2.45287000e+02,9.47721240e+01,5.50242895e+02,1.92626711e+00,1.90761834e+00,5.15142102e+00,2.20723757e+00,2.56673926e+00,2.61548802e+00,2.58468176e+00,-4.08250451e-01,4.27105177e-01,1.65286058e+00,8.26435202e-01,2.41091212e+00,-5.43609133e+00,-1.32702450e+00,4.36903735e+01,2.65538921e+01,-2.54383437e+00,5.20117527e+00,-5.43609133e+00,-1.32702450e+00,-3.72584638e+00,5.96621999e-01,4.55979919e+01,2.84801592e+01,-6.36216033e-01,7.12744238e+00,-3.99330025e-01
"2017Q4",1.06521147e+03,1.06534235e+03,-1.30885837e-01,4.31148417e+02,4.34379267e+02,2.50000000e+00,3.94060975e+00,3.31666667e+00,4.51017671e+02,4.12085503e+00,1.17332922e+02,4.05974877e+02,1.20333333e+00,2.37000000e+00,1.03079365e+01,0.00000000e+00,0.00000000e+00,0.00000000e+00,1.00000000e+00,-9.49934809e+00,2.37137588e+00,3.08810669e+00,5.53666667e+01,1.12755818e+02,4.01397773e+02,2.47238333e+02,9.55260653e+01,5.51035278e+02,2.08587385e+00,3.16953206e+00,3.55696604e+00,2.97901916e+00,2.56681358e+00,2.59112114e+00,9.90152459e-01,3.87898020e-01,2.63086828e+00,1.99894798e+00,1.01446923e+00,2.33097810e+00,-4.93806858e+00,-1.22155492e+00,2.49009086e+01,2.33215901e+01,5.25823542e+01,9.85134581e+00,-4.93806858e+00,-1.22155492e+00,-1.04753065e+01,-5.65217107e+00,2.80704407e+01,2.54074639e+01,5.57518862e+01,1.19372197e+01,1.61639906e+00
"2018Q1",1.06609365e+03,1.06598405e+03,1.09598290e-01,4.31870848e+02,4.35008307e+02,2.50000000e+00,3.92094671e+00,3.49333333e+00,4.48329124e+02,3.94887928e+00,1.18691082e+02,4.17871409e+02,1.44666667e+00,2.76000000e+00,1.73547541e+01,1.00000000e+00,0.00000000e+00,0.00000000e+00,0.00000000e+00,-1.21878946e+01,4.10776533e-01,3.15671172e+00,6.28866667e+01,1.14953089e+02,4.14133416e+02,2.49321667e+02,9.63310078e+01,5.51874390e+02,2.22370924e+00,3.35644524e+00,3.52871832e+00,3.98501208e+00,2.56678181e+00,2.56677101e+00,9.61936507e-01,1.41824106e+00,2.88972688e+00,2.01424335e+00,2.51615825e+00,2.13708603e+00,-1.07541861e+01,-3.18360393e+00,5.43263956e+00,1.54222723e+01,4.75861294e+01,1.72350631e+01,-1.07541861e+01,-3.18360393e+00,-7.84239739e+00,-1.18216056e+01,8.78908479e+00,1.76459815e+01,5.09425746e+01,1.94587723e+01,3.73568637e-01
"2018Q2",1.06785131e+03,1.06655253e+03,1.29877465e+00,4.32509286e+02,4.35876985e+02,2.50000000e+00,3.89000435e+00,3.31000000e+00,4.49663406e+02,3.89149685e+00,1.16881603e+02,4.25194837e+02,1.73666667e+00,2.92000000e+00,1.53375000e+01,0.00000000e+00,1.00000000e+00,0.00000000e+00,0.00000000e+00,-1.08536130e+01,1.23318650e+00,3.11698267e+00,6.80333333e+01,1.13686544e+02,4.21999778e+02,2.50679000e+02,9.68554439e+01,5.52417324e+02,2.65133285e+00,2.17173577e+00,7.03064192e+00,4.81693683e+00,2.27393647e+00,2.49356778e+00,4.75670545e+00,2.32336904e+00,2.55375251e+00,2.12536321e+00,3.47471133e+00,1.95794350e+00,5.33712654e+00,-3.94780487e+00,-7.23791592e+00,1.66965014e+01,2.92937109e+01,3.17295900e+01,5.33712654e+00,-3.94780487e+00,3.28963985e+00,-4.68847761e+00,-5.06618014e+00,1.93478343e+01,3.14654466e+01,3.43809229e+01,-9.20958828e-01
"2018Q3",1.06719756e+03,1.06712103e+03,7.65304275e-02,4.33104587e+02,4.36202856e+02,2.50000000e+00,3.85342290e+00,3.19000000e+00,4.52202528e+02,3.71460548e+00,1.04611724e+02,4.27295322e+02,1.92333333e+00,2.92666667e+00,1.28568254e+01,0.00000000e+00,0.00000000e+00,1.00000000e+00,0.00000000e+00,-8.31449013e+00,-4.82448490e+00,2.76814388e+00,6.97566667e+01,1.01817702e+02,4.24501300e+02,2.51686333e+02,9.72446497e+01,5.52818360e+02,2.57546497e+00,1.60414681e+00,-2.61499303e+00,2.87533331e+00,2.27398386e+00,2.42037893e+00,-4.88897689e+00,4.54954379e-01,2.38120067e+00,2.61388709e+00,1.30348361e+00,2.07720560e+00,1.01564914e+01,-4.96591801e-02,-4.90795169e+01,-6.49597117e+00,8.40193897e+00,3.44660334e+01,1.01564914e+01,-4.96591801e-02,-2.42306856e+01,-9.81468741e+00,-4.74753701e+01,-3.92050620e+00,1.00060858e+01,3.70414983e+01,1.07771706e+00
"2018Q4",1.06846608e+03,1.06768950e+03,7.76588522e-01,4.33544986e+02,4.36520718e+02,2.70000000e+00,3.81329521e+00,3.09666667e+00,4.52984479e+02,3.28174985e+00,1.05265719e+02,4.10271332e+02,2.22000000e+00,3.03333333e+00,2.10536508e+01,0.00000000e+00,0.00000000e+00,0.00000000e+00,1.00000000e+00,-7.53253919e+00,-5.91648024e+00,2.79765037e+00,5.90766667e+01,1.02877991e+02,4.07883604e+02,2.52711000e+02,9.76405526e+01,5.53224654e+02,2.18937596e+00,1.62517604e+00,5.07409767e+00,3.25461622e+00,2.27386529e+00,2.34714186e+00,2.80023238e+00,9.07474358e-01,1.76159926e+00,2.39656983e+00,1.27144842e+00,2.14145040e+00,3.12780374e+00,1.96680890e+00,2.61598151e+00,-1.20672029e+01,-6.80959601e+01,4.29645478e+00,3.12780374e+00,1.96680890e+00,-4.36798137e+00,-8.28785612e+00,4.24115755e+00,-9.87782697e+00,-6.64707841e+01,6.48583074e+00,4.90150835e-01
"2019Q1",1.06866172e+03,1.06825798e+03,4.03732980e-01,4.33693369e+02,4.37275615e+02,2.92000000e+00,3.76666020e+00,3.17000000e+00,4.52246933e+02,3.13907829e+00,1.05850139e+02,4.02538782e+02,2.40333333e+00,2.65333333e+00,1.64700000e+01,1.00000000e+00,0.00000000e+00,0.00000000e+00,0.00000000e+00,-8.27008570e+00,-4.67332547e+00,2.82156098e+00,5.48266667e+01,1.03729027e+02,4.00417669e+02,2.53385667e+02,9.79012252e+01,5.53491270e+02,1.61688055e+00,1.06646356e+00,7.82528995e-01,2.56806889e+00,2.27395116e+00,2.27393420e+00,-1.49142217e+00,2.94134690e-01,5.93531350e-01,1.82252094e+00,3.01959087e+00,2.26730856e+00,-2.95018604e+00,3.91780892e+00,2.33768040e+00,-1.28409427e+01,-3.09302003e+01,-1.53326276e+01,-2.95018604e+00,3.91780892e+00,4.97261907e+00,-5.08410201e+00,3.40414396e+00,-1.12240622e+01,-2.98637367e+01,-1.37157471e+01,-2.42605952e+00
"2019Q2",1.06999835e+03,1.06883824e+03,1.16010731e+00,4.34702638e+02,4.38139344e+02,2.87666667e+00,3.71402515e+00,2.89333333e+00,4.53449386e+02,3.04944388e+00,1.03391723e+02,4.10461773e+02,2.39666667e+00,2.33333333e+00,1.51830159e+01,0.00000000e+00,1.00000000e+00,0.00000000e+00,0.00000000e+00,-7.06763228e+00,-3.71445095e+00,2.77326802e+00,5.97833333e+01,1.02002641e+02,4.09072692e+02,2.55247333e+02,9.86205218e+01,5.54223301e+02,1.80597735e+00,2.92812300e+00,5.34653930e+00,2.14704323e+00,2.32104199e+00,2.28571058e+00,3.02549731e+00,-1.38667345e-01,4.03707483e+00,2.19335153e+00,3.45491640e+00,2.26235983e+00,4.80981369e+00,3.78598071e+00,-9.83366562e+00,-1.34898802e+01,3.16919657e+01,-1.47330639e+01,4.80981369e+00,3.78598071e+00,3.83549810e+00,-4.94763744e+00,-6.90554263e+00,-1.16839028e+01,3.46200887e+01,-1.29270866e+01,5.82158427e-01
"2019Q3",1.06962916e+03,1.06921715e+03,4.12012098e-01,4.35287694e+02,4.38460555e+02,2.35333333e+00,3.66061531e+00,2.28000000e+00,4.54918797e+02,3.11809252e+00,9.77524756e+01,4.04253458e+02,2.19000000e+00,1.79666667e+00,1.59601563e+01,0.00000000e+00,0.00000000e+00,1.00000000e+00,0.00000000e+00,-5.59822164e+00,-9.49884113e-01,2.62985122e+00,5.63700000e+01,9.66927274e+01,4.03193710e+02,2.56089333e+02,9.89458473e+01,5.54552634e+02,1.73427387e+00,1.31733289e+00,-1.47676496e+00,2.43160025e+00,1.51561588e+00,2.09611858e+00,-2.99238083e+00,3.35481670e-01,2.34022401e+00,2.18310736e+00,1.28484065e+00,2.25769909e+00,5.87764258e+00,2.71626849e+00,-2.25569887e+01,-6.85924809e+00,-2.48332582e+01,-2.30418632e+01,5.87764258e+00,2.71626849e+00,1.10582673e+01,3.87460078e+00,-2.12396558e+01,-5.12497422e+00,-2.35159253e+01,-2.13075893e+01,1.05538336e+00
"2019Q4",1.06544073e+03,1.06939719e+03,-3.95646920e+00,4.36255621e+02,4.38887127e+02,1.81333333e+00,3.62564689e+00,2.13333333e+00,4.60844226e+02,3.02961882e+00,9.86025914e+01,4.04588919e+02,1.64333333e+00,1.79333333e+00,1.39857813e+01,0.00000000e+00,0.00000000e+00,0.00000000e+00,1.00000000e+00,3.27207608e-01,5.93598227e+00,2.67093199e+00,5.69566667e+01,9.82427472e+01,4.04229074e+02,2.57888000e+02,9.96408025e+01,5.55252538e+02,2.02788388e+00,2.79961608e+00,-1.67537373e+01,-3.02535848e+00,7.20187937e-01,1.70769924e+00,-1.74739252e+01,-4.73305772e+00,3.87170996e+00,2.71063504e+00,1.70628888e+00,2.36640920e+00,2.37017170e+01,7.85974680e+00,3.40046287e+00,-6.66312775e+00,1.34184100e+00,-5.68241294e+00,2.37017170e+01,7.85974680e+00,2.75434655e+01,1.18524625e+01,6.20007895e+00,-4.63524387e+00,4.14145708e+00,-3.65452906e+00,2.16542107e+00
"2020Q1",1.06769133e+03,1.06980953e+03,-2.11819772e+00,4.37323378e+02,4.39711995e+02,1.62666667e+00,3.59722222e+00,2.55000000e+00,4.65839968e+02,-2.54584716e+00,9.39002816e+01,3.82333750e+02,1.26000000e+00,1.37666667e+00,3.12245161e+01,1.00000000e+00,0.00000000e+00,0.00000000e+00,0.00000000e+00,5.32294924e+00,6.02379746e+00,2.55742992e+00,4.57566667e+01,9.39002816e+01,3.82333750e+02,2.58817667e+02,1.00000000e+02,5.55612382e+02,2.12111219e+00,1.43937677e+00,9.00241821e+00,-9.70386177e-01,1.64933230e+00,1.55154453e+00,7.35308590e+00,-2.52193070e+00,4.27102773e+00,3.63000913e+00,3.29947366e+00,2.43637990e+00,1.99829665e+01,1.35930349e+01,-1.88092389e+01,-1.19498576e+01,-8.90206745e+01,-2.02050315e+01,1.99829665e+01,1.35930349e+01,3.51260764e-01,1.06971229e+01,-1.73698621e+01,-9.82874539e+00,-8.75812977e+01,-1.80839193e+01,9.71554077e-01
"2020Q2",1.05278015e+03,1.06886522e+03,-1.60850718e+01,4.37594216e+02,4.40710858e+02,5.00000000e-01,3.57777778e+00,2.74000000e+00,4.64072946e+02,-5.46598980e+00,8.94764334e+01,3.33508220e+02,6.00000000e-02,6.86666667e-01,3.44936508e+01,0.00000000e+00,1.00000000e+00,0.00000000e+00,0.00000000e+00,3.55592723e+00,-2.25798344e+00,2.42288246e+00,2.78066667e+01,8.84957930e+01,3.32527580e+02,2.56292000e+02,9.90241521e+01,5.54631742e+02,4.08440974e-01,-3.92256185e+00,-5.96447177e+01,-1.72182004e+01,-3.77722141e+00,2.69786769e-02,-5.58674963e+01,-1.72451791e+01,1.08335040e+00,2.89157803e+00,3.99545096e+00,2.57151354e+00,-7.06808805e+00,1.06235595e+01,-1.76953929e+01,-1.39152894e+01,-1.95302118e+02,-7.69535525e+01,-7.06808805e+00,1.06235595e+01,-3.31271236e+01,1.45646751e+00,-2.16179547e+01,-1.35068484e+01,-1.99224680e+02,-7.65451115e+01,-2.91210056e+00
"2020Q3",1.05796024e+03,1.06889327e+03,-1.09330249e+01,4.37929595e+02,4.41098981e+02,5.00000000e-01,3.55833333e+00,2.60000000e+00,4.61804988e+02,-1.88662796e-01,1.08291528e+02,3.70940732e+02,9.33333333e-02,6.50000000e-01,2.58089062e+01,0.00000000e+00,0.00000000e+00,1.00000000e+00,0.00000000e+00,1.28796956e+00,1.81991051e+00,2.95788654e+00,4.08933333e+01,1.08447501e+02,3.71096705e+02,2.59221667e+02,1.00156094e+02,5.55768355e+02,1.21572096e+00,4.54645282e+00,2.07203587e+01,-1.16689195e+01,1.12171242e-01,-3.23882482e-01,2.06081875e+01,-1.13450370e+01,1.34151740e+00,2.64190137e+00,1.55249116e+00,2.63842617e+00,-9.07183067e+00,6.88619120e+00,7.52603780e+01,1.05390523e+01,1.49730047e+02,-3.33127261e+01,-9.07183067e+00,6.88619120e+00,1.63115758e+01,2.76979463e+00,7.98068308e+01,1.17547732e+01,1.54276500e+02,-3.20970052e+01,-2.10973757e-01
"2020Q4",1.06548405e+03,1.06919658e+03,-3.71253642e+00,4.39100557e+02,4.41975416e+02,5.00000000e-01,3.53888889e+00,2.51000000e+00,4.61548184e+02,1.26601945e+00,1.17114354e+02,3.73965770e+02,9.00000000e-02,8.63333333e-01,2.56217187e+01,0.00000000e+00,0.00000000e+00,0.00000000e+00,1.00000000e+00,1.03116518e+00,6.96503864e+00,3.25402038e+00,4.24533333e+01,1.17989127e+02,3.74840543e+02,2.61091667e+02,1.00878611e+02,5.56487156e+02,1.23461768e+00,2.87520297e+00,3.00952214e+01,4.33201592e-02,1.21326738e+00,-2.00612621e-01,2.88819540e+01,2.43932780e-01,4.68384578e+00,2.84493533e+00,3.50574035e+00,3.08828903e+00,-1.02721753e+00,7.03957571e-01,3.52913033e+01,1.85117624e+01,1.21001502e+01,-3.06231488e+01,-1.02721753e+00,7.03957571e-01,2.05805125e+01,1.02905637e+00,3.81665063e+01,1.97463801e+01,1.49753531e+01,-2.93885311e+01,1.17810544e+00
"2021Q1",1.06988963e+03,1.07036663e+03,-4.77000000e-01,4.40227944e+02,4.42845550e+02,5.00000000e-01,3.51944444e+00,2.32666667e+00,4.58679675e+02,7.64455867e+00,1.32814771e+02,4.03796696e+02,8.00000000e-02,1.31666667e+00,2.32024590e+01,1.00000000e+00,0.00000000e+00,0.00000000e+00,0.00000000e+00,-1.83734338e+00,1.60703942e+01,3.84585715e+00,5.77900000e+01,1.34699650e+02,4.05681575e+02,2.63742333e+02,1.01902755e+02,5.57497262e+02,1.88487924e+00,4.04042300e+00,1.76223541e+01,2.19830413e+00,4.68020841e+00,5.57106404e-01,1.29421457e+01,1.64119772e+00,4.50954994e+00,2.90456588e+00,3.48053730e+00,3.13355494e+00,-1.14740343e+01,-7.16029263e+00,6.28016694e+01,3.89144894e+01,1.19323704e+02,2.14629457e+01,-1.14740343e+01,-7.16029263e+00,3.64214224e+01,1.00465968e+01,6.68420924e+01,4.07993687e+01,1.23364127e+02,2.33478250e+01,1.02901264e+00
"2021Q2",1.07085923e+03,1.07155523e+03,-6.96000000e-01,4.41120952e+02,4.43890610e+02,5.00000000e-01,3.50000000e+00,2.39000000e+00,4.58695437e+02,1.10326852e+01,1.44576260e+02,4.15410292e+02,7.00000000e-02,1.59333333e+00,1.80000000e+01,0.00000000e+00,1.00000000e+00,0.00000000e+00,0.00000000e+00,-1.82158189e+00,3.06023220e+01,4.40472195e+00,6.60900000e+01,1.48267713e+02,4.19101745e+02,2.68550333e+02,1.03760434e+02,5.59303836e+02,4.67209381e+00,7.22629646e+00,3.87837056e+00,1.80790762e+01,4.75437056e+00,2.69000440e+00,-8.76000000e-01,1.53890718e+01,3.57202943e+00,3.52673564e+00,4.18024071e+00,3.17975238e+00,6.30459700e-02,-5.37750912e+00,4.70459562e+01,5.50998267e+01,4.64543832e+01,8.19020711e+01,6.30459700e-02,-5.37750912e+00,5.81277110e+01,3.28603054e+01,5.42722526e+01,5.97719205e+01,5.36806797e+01,8.65741649e+01,-6.08211281e-01
"2021Q3",1.07640128e+03,1.07303828e+03,3.36300000e+00,4.42700729e+02,4.44946783e+02,9.60000000e-01,3.54166667e+00,3.14666667e+00,4.65560906e+02,4.79088573e+00,1.39441569e+02,4.20463675e+02,9.00000000e-02,1.32333333e+00,1.82873438e+01,0.00000000e+00,0.00000000e+00,1.00000000e+00,0.00000000e+00,5.04388779e+00,2.83393715e+01,4.25093743e+00,7.06233333e+01,1.44713953e+02,4.25736059e+02,2.72829667e+02,1.05413850e+02,5.60884767e+02,5.11641173e+00,6.32372450e+00,2.21682208e+01,1.84410417e+01,5.93222083e+00,4.14501679e+00,1.62360000e+01,1.42960249e+01,6.31910953e+00,4.77113367e+00,4.22469244e+00,3.84780270e+00,2.74618787e+01,3.75591823e+00,-2.05387659e+01,3.11500407e+01,2.02135319e+01,4.95229422e+01,2.74618787e+01,3.75591823e+00,-9.05180213e+00,2.65194609e+01,-1.42150414e+01,3.62664525e+01,2.65372564e+01,5.46393540e+01,2.09441709e+00
"2021Q4",1.07832254e+03,1.07417254e+03,4.15000000e+00,4.45523443e+02,4.46590749e+02,2.82000000e+00,3.58333333e+00,3.82333333e+00,4.70710312e+02,4.14106366e+00,1.40711553e+02,4.27532150e+02,8.00000000e-02,1.53666667e+00,1.92751562e+01,0.00000000e+00,0.00000000e+00,0.00000000e+00,1.00000000e+00,1.01932938e+01,2.44029591e+01,4.39902779e+00,7.74466667e+01,1.48138356e+02,4.34958953e+02,2.78771333e+02,1.07709546e+02,5.63039185e+02,6.55202930e+00,8.61767326e+00,7.68501156e+00,1.28384893e+01,4.53701156e+00,4.97595284e+00,3.14800000e+00,7.86253642e+00,1.12908541e+01,6.42288575e+00,6.57586207e+00,4.61533313e+00,2.05976239e+01,9.16212859e+00,5.07993814e+00,2.35971994e+01,2.82739016e+01,5.35663801e+01,2.05976239e+01,9.16212859e+00,-1.57456492e+01,1.74379205e+01,1.36976114e+01,3.01492287e+01,3.68915748e+01,6.01184094e+01,4.71499203e+00
"2022Q1",1.07792253e+03,1.07483353e+03,3.08900000e+00,4.48210337e+02,4.49280444e+02,5.11333333e+00,3.62500000e+00,4.23000000e+00,4.69400047e+02,3.90533491e+00,1.41449890e+02,4.45207158e+02,1.20000000e-01,1.94000000e+00,2.53729032e+01,1.00000000e+00,0.00000000e+00,0.00000000e+00,0.00000000e+00,8.88302856e+00,2.25946132e+01,4.52914512e+00,9.44533333e+01,1.51053321e+02,4.54810589e+02,2.84905667e+02,1.10079683e+02,5.65215813e+02,7.71855149e+00,8.70651174e+00,-1.60003579e+00,8.03289179e+00,2.64396421e+00,4.46689179e+00,-4.24400000e+00,3.56600000e+00,1.07475780e+01,7.98239276e+00,1.07587803e+01,6.43489389e+00,-5.24106083e+00,1.07203719e+01,2.95334701e+00,8.63511885e+00,7.07000314e+01,4.14104620e+01,-5.24106083e+00,1.07203719e+01,-7.23338369e+00,6.52421897e+00,1.16598587e+01,1.63536703e+01,7.94065432e+01,4.91290135e+01,-1.12023635e-02
"2022Q2",1.07767616e+03,1.07541616e+03,2.26000000e+00,4.52023488e+02,4.52378813e+02,7.94333333e+00,3.66666667e+00,3.92666667e+00,4.70015204e+02,2.18268610e+00,1.34423879e+02,4.56952896e+02,7.70000000e-01,2.93000000e+00,2.73984375e+01,0.00000000e+00,1.00000000e+00,0.00000000e+00,0.00000000e+00,9.49818530e+00,2.30433561e+01,4.32112704e+00,1.08723333e+02,1.46351626e+02,4.68880643e+02,2.91605333e+02,1.12668249e+02,5.67540129e+02,8.23629323e+00,9.29726341e+00,-9.85474557e-01,6.81693051e+00,2.33052544e+00,3.86093051e+00,-3.31600000e+00,2.95600000e+00,1.52526054e+01,1.09025367e+01,1.23934768e+01,8.48820293e+00,2.46062695e+00,1.13197672e+01,-2.81040435e+01,-1.01523811e+01,4.69829541e+01,4.15426047e+01,2.46062695e+00,1.13197672e+01,1.79497144e+00,-7.55896591e+00,-1.88067800e+01,-1.91608783e+00,5.62802175e+01,4.97788980e+01,2.85912852e+00
"2022Q3",1.07787481e+03,1.07605581e+03,1.81900000e+00,4.55494182e+02,4.54757656e+02,9.91000000e+00,3.70833333e+00,3.83333333e+00,4.74007777e+02,3.41760658e+00,1.12370520e+02,4.40218293e+02,2.19000000e+00,3.10666667e+00,2.47927273e+01,0.00000000e+00,0.00000000e+00,1.00000000e+00,0.00000000e+00,1.34907586e+01,9.04710199e+00,3.51166803e+00,9.31833333e+01,1.25609115e+02,4.53456888e+02,2.95453000e+02,1.14154881e+02,5.68850977e+02,7.96621029e+00,5.24339275e+00,7.94605934e-01,1.47352679e+00,2.55860593e+00,3.01752679e+00,-1.76400000e+00,-1.54400000e+00,1.38827747e+01,1.27934530e+01,9.51537277e+00,9.81087301e+00,1.59702932e+01,8.44687081e+00,-8.82134369e+01,-2.70710488e+01,-6.69384129e+01,1.97546186e+01,1.59702932e+01,8.44687081e+00,-5.59850163e+01,-1.92922695e+01,-8.29700442e+01,-1.91048385e+01,-6.16950201e+01,2.77208288e+01,4.36740191e+00
"2022Q4",1.07650125e+03,1.07666725e+03,-1.66000000e-01,4.57724280e+02,4.56406002e+02,1.11900000e+01,3.75000000e+00,4.56000000e+00,4.68930711e+02,2.32350826e+00,1.14687573e+02,4.27348133e+02,3.65333333e+00,3.83000000e+00,2.50026563e+01,0.00000000e+00,0.00000000e+00,0.00000000e+00,1.00000000e+00,8.41369286e+00,8.18271585e-01,3.63155674e+00,8.27866667e+01,1.28966141e+02,4.41626702e+02,2.98541667e+02,1.15348257e+02,5.69890951e+02,6.85176579e+00,4.15989527e+00,-5.49423405e+00,-1.82128462e+00,2.44576595e+00,2.49471538e+00,-7.94000000e+00,-4.31600000e+00,8.92039185e+00,1.22008375e+01,6.59338133e+00,9.81525282e+00,-2.03082630e+01,-1.77960091e+00,9.26821098e+00,-2.60239806e+01,-5.14806397e+01,-1.84016752e-01,-2.03082630e+01,-1.77960091e+00,-3.29153216e+01,-2.35846876e+01,1.34281062e+01,-1.91722148e+01,-4.73207444e+01,6.66774904e+00,2.32701052e+00
"2023Q1",1.07792691e+03,1.07706291e+03,8.64000000e-01,4.59455374e+02,4.58776947e+02,1.12500000e+01,3.81250000e+00,4.41666667e+00,4.58267910e+02,3.61027835e+00,1.24714544e+02,4.17999023e+02,4.51666667e+00,3.64666667e+00,2.06840625e+01,1.00000000e+00,0.00000000e+00,0.00000000e+00,0.00000000e+00,-2.24910864e+00,-1.14758099e+01,4.05072878e+00,7.60766667e+01,1.39889681e+02,4.33174160e+02,3.01230333e+02,1.16387083e+02,5.70787520e+02,5.57170678e+00,3.58627569e+00,5.70263716e+00,4.38362005e-03,1.58263716e+00,2.22938362e+00,4.12000000e+00,-2.22500000e+00,6.92437645e+00,1.12450371e+01,9.48378047e+00,9.49650285e+00,-4.26512060e+01,-1.11321372e+01,4.01078838e+01,-1.67353464e+01,-3.73964413e+01,-2.72081349e+01,-4.26512060e+01,-1.11321372e+01,-4.91763259e+01,-3.40704231e+01,4.36941595e+01,-1.11636396e+01,-3.38101656e+01,-2.16364282e+01,-2.55940402e+00
"2023Q2",1.07788068e+03,1.07784968e+03,3.10000000e-02,4.60356952e+02,4.60738388e+02,1.12500000e+01,3.87500000e+00,4.43333333e+00,4.55360141e+02,4.22467494e+00,1.18802799e+02,4.14189603e+02,4.99000000e+00,3.59333333e+00,1.64412500e+01,0.00000000e+00,1.00000000e+00,0.00000000e+00,0.00000000e+00,-5.15687713e+00,-2.30209745e+01,3.84567268e+00,7.37600000e+01,1.34694854e+02,4.30081658e+02,3.03397667e+02,1.17224481e+02,5.71504438e+02,3.96430864e+00,2.86767085e+00,-1.84929742e-01,2.04519824e-01,3.14707026e+00,2.43351982e+00,-3.33200000e+00,-2.22900000e+00,3.60631209e+00,8.33346377e+00,7.84576605e+00,8.35957515e+00,-1.16310740e+01,-1.46550624e+01,-2.36469798e+01,-1.56210805e+01,-1.52376807e+01,-4.27632936e+01,-1.16310740e+01,-1.46550624e+01,-4.61806584e+01,-4.60643306e+01,-2.07793089e+01,-1.16567718e+01,-1.23700098e+01,-3.87989850e+01,-4.23945396e+00
"2023Q3",1.07829724e+03,1.07845024e+03,-1.53000000e-01,4.60585030e+02,4.61112854e+02,1.03566667e+01,3.93750000e+00,4.24666667e+00,4.59735939e+02,3.27470447e+00,1.16500404e+02,4.24290528e+02,5.26000000e+00,4.15000000e+00,1.50132308e+01,0.00000000e+00,0.00000000e+00,1.00000000e+00,0.00000000e+00,-7.81079820e-01,-1.26975777e+01,3.79024010e+00,8.22966667e+01,1.33242937e+02,4.41033060e+02,3.05989000e+02,1.18225701e+02,5.72354915e+02,3.50393819e+00,3.40191093e+00,1.66626833e+00,4.22435423e-01,2.40226833e+00,2.39443542e+00,-7.36000000e-01,-1.97200000e+00,9.12312513e-01,5.09084822e+00,1.49786101e+00,6.35519721e+00,1.75031892e+01,-1.42718384e+01,-9.20957853e+00,4.12988411e+00,4.04036992e+01,-1.59277656e+01,1.75031892e+01,-1.42718384e+01,4.12935871e+01,-2.17446797e+01,-5.80766760e+00,7.63382230e+00,4.38056102e+01,-1.24238274e+01,-5.85548497e-01
"2023Q4",1.07895526e+03,1.07916126e+03,-2.06000000e-01,4.61658396e+02,4.61417906e+02,9.05666667e+00,4.00000000e+00,5.25333333e+00,4.63364816e+02,3.45988226e+00,1.13522092e+02,4.18734259e+02,5.33000000e+00,4.44000000e+00,1.52862500e+01,0.00000000e+00,0.00000000e+00,0.00000000e+00,1.00000000e+00,2.84779738e+00,-1.18505660e+01,3.70554296e+00,7.84100000e+01,1.30982979e+02,4.36195147e+02,3.08195000e+02,1.19078038e+02,5.73073270e+02,3.18231896e+00,2.87341837e+00,2.63205295e+00,2.45400717e+00,2.84405295e+00,2.49400717e+00,-2.12000000e-01,-4.00000000e-02,4.29346116e+00,3.93411555e+00,1.22020758e+00,5.01190378e+00,1.45155088e+01,-5.56589549e+00,-1.19132481e+01,-1.16548066e+00,-2.22250721e+01,-8.61387372e+00,1.45155088e+01,-5.56589549e+00,3.38804670e+00,-1.26688376e+01,-9.03982973e+00,2.01683830e+00,-1.93516538e+01,-5.43155476e+00,3.07325358e+00
"2024Q1",1.08016125e+03,1.07982025e+03,3.41000000e-01,4.62737610e+02,4.62739706e+02,7.58333333e+00,4.00000000e+00,5.00333333e+00,4.67758634e+02,3.26412118e+00,1.15917773e+02,4.16737202e+02,5.33000000e+00,4.16000000e+00,1.37125397e+01,1.00000000e+00,0.00000000e+00,0.00000000e+00,0.00000000e+00,7.24161551e+00,-9.71086158e+00,3.82997218e+00,7.75600000e+01,1.34285754e+02,4.35105183e+02,3.11003333e+02,1.20163101e+02,5.73980363e+02,3.19284311e+00,3.62837229e+00,4.82397446e+00,2.23434150e+00,2.63597446e+00,2.75734150e+00,2.18800000e+00,-5.23000000e-01,4.31685740e+00,3.28223579e+00,5.28719965e+00,3.96275857e+00,1.75752725e+01,9.49072415e+00,9.58272554e+00,-8.79677022e+00,-7.98822823e+00,-1.26182045e+00,1.75752725e+01,9.49072415e+00,8.55881779e+00,1.76494830e+00,1.32110978e+01,-5.60392711e+00,-4.35985595e+00,1.93102266e+00,-9.70342252e-01
"2024Q2",1.07957050e+03,1.08047950e+03,-9.09000000e-01,4.63855529e+02,4.64077074e+02,6.28000000e+00,4.00000000e+00,4.92333333e+00,4.65424295e+02,3.28542582e+00,1.29649012e+02,4.21288013e+02,5.33000000e+00,4.44333333e+00,1.39803077e+01,0.00000000e+00,1.00000000e+00,0.00000000e+00,0.00000000e+00,4.90727604e+00,-4.10841850e+00,4.42303970e+00,8.17133333e+01,1.48682718e+02,4.40321719e+02,3.13080667e+02,1.20965725e+02,5.74646088e+02,3.14165020e+00,2.66289923e+00,-2.36300494e+00,1.68982270e+00,2.63699506e+00,2.62982270e+00,-5.00000000e+00,-9.40000000e-01,4.47167489e+00,3.49857649e+00,5.34947492e+00,3.33868579e+00,-9.33735788e+00,1.00641532e+01,5.49249554e+01,1.08462136e+01,1.82032435e+01,7.09841059e+00,-9.33735788e+00,1.00641532e+01,2.24097723e+01,1.89125560e+01,5.75878546e+01,1.39878638e+01,2.08661427e+01,1.02400608e+01,-8.77800034e-01
"2024Q3",1.08069506e+03,1.08114006e+03,-4.45000000e-01,4.64816810e+02,4.64680506e+02,5.67666667e+00,4.00000000e+00,4.40000000e+00,4.64952885e+02,3.46855333e+00,1.23542968e+02,4.14023182e+02,5.26333333e+00,3.94666667e+00,1.70666667e+01,0.00000000e+00,0.00000000e+00,1.00000000e+00,0.00000000e+00,4.43586591e+00,-1.87320604e-01,4.17487375e+00,7.62400000e+01,1.42908412e+02,4.33388626e+02,3.14121000e+02,1.21367681e+02,5.74977826e+02,2.62291084e+00,1.32695347e+00,4.49825909e+00,2.39782039e+00,2.64225909e+00,2.68982039e+00,1.85600000e+00,-2.92000000e-01,3.84512471e+00,4.23177954e+00,2.41372689e+00,3.56765226e+00,-1.88564053e+00,5.21694573e+00,-2.44241766e+01,7.04256406e+00,-2.90593246e+01,-1.02673454e+01,-1.88564053e+00,5.21694573e+00,1.56843916e+01,1.25102571e+01,-2.30972231e+01,9.66547490e+00,-2.77323712e+01,-7.64443453e+00,1.43139782e+00
"2024Q4",1.08160470e+03,1.08174570e+03,-1.41000000e-01,4.66030648e+02,4.65534817e+02,5.26666667e+00,4.00000000e+00,4.32000000e+00,4.66209001e+02,3.60258968e+00,1.22476181e+02,4.05678060e+02,4.65000000e+00,4.28333333e+00,1.73632308e+01,0.00000000e+00,0.00000000e+00,0.00000000e+00,1.00000000e+00,5.69198223e+00,5.78674148e+00,4.16300920e+00,7.06866667e+01,1.42623818e+02,4.25825696e+02,3.16587667e+02,1.22320733e+02,5.75760019e+02,2.68674916e+00,3.12877165e+00,3.63854264e+00,2.64944281e+00,2.42254264e+00,2.58444281e+00,1.21600000e+00,6.50000000e-02,4.85535184e+00,4.37225221e+00,3.41724397e+00,4.11691136e+00,5.02446527e+00,2.84418485e+00,-4.26714800e+00,8.95408908e+00,-3.33804895e+01,-1.30561997e+01,5.02446527e+00,2.84418485e+00,2.38962483e+01,1.76373075e+01,-1.13837636e+00,1.16408382e+01,-3.02517178e+01,-1.03694505e+01,1.43810788e+00
"2025Q1",1.08317971e+03,1.08248971e+03,6.90000000e-01,4.67472483e+02,4.66573561e+02,5.00000000e+00,4.00000000e+00,4.24000000e+00,4.65034163e+02,3.48810000e+00,1.23383416e+02,4.06383982e+02,4.33000000e+00,4.45333333e+00,1.85211111e+01,1.00000000e+00,0.00000000e+00,0.00000000e+00,0.00000000e+00,4.51714446e+00,6.66801026e+00,4.23926270e+00,7.18366667e+01,1.44438936e+02,4.27439502e+02,3.19475000e+02,1.23436319e+02,5.76667902e+02,2.68753933e+00,3.63153295e+00,6.30002334e+00,3.01845503e+00,2.97602334e+00,2.66945503e+00,3.32400000e+00,3.49000000e-01,5.76734187e+00,4.73487333e+00,4.15497661e+00,3.83385560e+00,-4.69935109e+00,-2.72447106e+00,3.62894122e+00,7.46564300e+00,2.82369052e+00,-1.03532200e+01,-4.69935109e+00,-2.72447106e+00,3.52507511e+00,1.63788718e+01,7.26047417e+00,1.01531823e+01,6.45522347e+00,-7.66568069e+00,1.61236526e+00
"2025Q2",1.08307997e+03,1.08315197e+03,-7.20000000e-02,4.68123160e+02,4.67644538e+02,5.00000000e+00,4.00000000e+00,4.18333333e+00,4.64399222e+02,3.27457200e+00,1.24803800e+02,3.95397775e+02,4.33000000e+00,4.36000000e+00,2.35614063e+01,0.00000000e+00,1.00000000e+00,0.00000000e+00,0.00000000e+00,3.88220299e+00,6.07748979e+00,4.31754679e+00,6.46266667e+01,1.46268737e+02,4.16862712e+02,3.20785667e+02,1.23942724e+02,5.77077320e+02,2.43123167e+00,1.63766861e+00,-3.98938422e-01,3.50947166e+00,2.64906158e+00,2.67247166e+00,-3.04800000e+00,8.37000000e-01,2.60270665e+00,4.26763127e+00,4.28390609e+00,3.56746339e+00,-2.53976586e+00,-1.02507305e+00,5.68153349e+00,-4.84521246e+00,-4.39448291e+01,-2.58902382e+01,-2.53976586e+00,-1.02507305e+00,-2.36208186e+00,1.01859083e+01,7.31920210e+00,-2.41398079e+00,-4.23071605e+01,-2.34590065e+01,-1.68119944e+00
"2025Q3",1.08357258e+03,1.08383758e+03,-2.65000000e-01,4.68959643e+02,4.68540921e+02,4.82666667e+00,4.00000000e+00,4.28000000e+00,4.66123020e+02,2.98015400e+00,1.26878201e+02,3.96340107e+02,4.29333333e+00,4.25666667e+00,1.59830303e+01,0.00000000e+00,0.00000000e+00,1.00000000e+00,0.00000000e+00,5.60600184e+00,5.61910261e+00,4.44170273e+00,6.57366667e+01,1.49103780e+02,4.18565686e+02,3.23235000e+02,1.24889079e+02,5.77837961e+02,2.86013509e+00,3.04256713e+00,1.97044891e+00,2.87751912e+00,2.74244891e+00,2.69751912e+00,-7.72000000e-01,1.80000000e-01,3.34593397e+00,4.14283358e+00,3.58553339e+00,3.86041501e+00,6.89519541e+00,1.17013593e+00,8.29760576e+00,3.33523312e+00,3.76932880e+00,-1.76830748e+01,6.89519541e+00,1.17013593e+00,-1.83354873e+00,5.80642321e+00,1.13401729e+01,6.19536820e+00,6.81189594e+00,-1.48229397e+01,-2.39599423e-01
"2025Q4",1.08416015e+03,1.08445715e+03,-2.97000000e-01,4.69417414e+02,4.68870569e+02,4.71333333e+00,4.00000000e+00,4.22333333e+00,4.63793033e+02,2.86465000e+00,1.38702465e+02,3.85894347e+02,3.89666667e+00,4.09666667e+00,1.77452308e+01,0.00000000e+00,0.00000000e+00,0.00000000e+00,1.00000000e+00,3.27601462e+00,-1.50945407e+00,5.03497050e+00,5.96400000e+01,1.61640767e+02,4.08832649e+02,3.25547000e+02,1.25782372e+02,5.78550684e+02,2.79066533e+00,2.85089264e+00,2.35027797e+00,2.55545295e+00,2.47827797e+00,2.71145295e+00,-1.28000000e-01,-1.56000000e-01,1.83108041e+00,3.38676573e+00,1.31859030e+00,3.33575160e+00,-9.31994891e+00,-2.41596761e+00,4.72970543e+01,1.62262837e+01,-4.17830415e+01,-1.97837128e+01,-9.31994891e+00,-2.41596761e+00,-2.85142267e+01,-7.29619555e+00,5.01479469e+01,1.90169490e+01,-3.89321489e+01,-1.69930475e+01,5.12490109e-01
"2026Q1",1.08416811e+03,1.08455311e+03,-3.85000000e-01,4.70029803e+02,4.69899532e+02,4.50000000e+00,4.00000000e+00,4.20000000e+00,4.64918700e+02,2.70000000e+00,1.42115845e+02,4.18341527e+02,3.60000000e+00,4.25000000e+00,2.40000000e+01,1.00000000e+00,0.00000000e+00,0.00000000e+00,0.00000000e+00,4.40168140e+00,1.29784012e+00,5.20980000e+00,8.25000000e+01,1.65054147e+02,4.41279829e+02,3.28113667e+02,1.26774061e+02,5.79336009e+02,2.66810696e+00,3.14129944e+00,3.18083521e-02,9.88399202e-01,3.83808352e-01,2.06339920e+00,-3.52000000e-01,-1.07500000e+00,2.44955912e+00,2.55732004e+00,4.11585518e+00,3.32597124e+00,4.50266714e+00,-1.15463055e-01,1.36535200e+01,1.87324284e+01,1.29788721e+02,1.19575449e+01,4.50266714e+00,-1.15463055e-01,1.12291768e+01,-5.37017013e+00,1.36535200e+01,2.06152105e+01,1.29788721e+02,1.38403270e+01,-1.66629606e+00
"2026Q2",1.08501032e+03,1.08537132e+03,-3.61000000e-01,4.72022921e+02,4.70950000e+02,4.53000000e+00,4.00000000e+00,4.20000000e+00,4.63957200e+02,2.70000000e+00,1.45628541e+02,4.24689559e+02,3.60000000e+00,4.50000000e+00,2.20000000e+01,0.00000000e+00,1.00000000e+00,0.00000000e+00,0.00000000e+00,3.44018140e+00,-1.37876994e-02,5.43860000e+00,8.86000000e+01,1.69352167e+02,4.48413186e+02,3.29742072e+02,1.27403232e+02,5.79831075e+02,2.75375549e+00,1.98026273e+00,3.36885802e+00,1.93034831e+00,3.27285802e+00,2.21934831e+00,9.60000000e-02,-2.89000000e-01,7.97247104e+00,3.89976113e+00,4.20187171e+00,3.30546265e+00,-3.84600000e+00,-4.42021590e-01,1.40507836e+01,2.08247409e+01,2.53921263e+01,2.92917837e+01,-3.84600000e+00,-4.42021590e-01,-5.24651129e+00,-6.09127749e+00,1.71920830e+01,2.30834307e+01,2.85334257e+01,3.15504735e+01,3.77059933e+00
"2026Q3",1.08589217e+03,1.08633117e+03,-4.39000000e-01,4.72805051e+02,4.71754333e+02,4.75000000e+00,4.00000000e+00,4.20000000e+00,4.63472900e+02,2.70000000e+00,1.46517593e+02,4.22945187e+02,3.60000000e+00,4.55000000e+00,2.10000000e+01,0.00000000e+00,0.00000000e+00,1.00000000e+00,0.00000000e+00,2.95588140e+00,-1.56498049e+00,5.51440000e+00,8.75000000e+01,1.70736285e+02,4.47163879e+02,3.31378560e+02,1.28035526e+02,5.80326141e+02,2.48817939e+00,1.98026273e+00,3.52740897e+00,2.31958833e+00,3.83940897e+00,2.49358833e+00,-3.12000000e-01,-1.74000000e-01,3.12851871e+00,3.84540732e+00,3.21733242e+00,3.21341240e+00,-1.93720000e+00,-2.65012044e+00,3.55620838e+00,1.96393915e+01,-6.97748843e+00,2.66050794e+01,-1.93720000e+00,-2.65012044e+00,-6.20477114e+00,-7.18408310e+00,5.53647111e+00,2.16325053e+01,-4.99722570e+00,2.85981931e+01,-8.88137026e-02
"2026Q4",1.08637876e+03,1.08687676e+03,-4.98000000e-01,4.73380438e+02,4.72072650e+02,4.56000000e+00,4.00000000e+00,4.20000000e+00,4.63169040e+02,2.70000000e+00,1.44614503e+02,4.20254770e+02,3.60000000e+00,4.65000000e+00,1.90000000e+01,0.00000000e+00,0.00000000e+00,0.00000000e+00,1.00000000e+00,2.65202100e+00,1.33007467e-02,5.43730000e+00,8.56000000e+01,1.69328261e+02,4.44968528e+02,3.33023169e+02,1.28670957e+02,5.80821206e+02,2.27052191e+00,1.98026273e+00,1.94634832e+00,2.21860592e+00,2.18234832e+00,2.41960592e+00,-2.36000000e-01,-2.01000000e-01,2.30154899e+00,3.96302447e+00,1.27326770e+00,3.20208175e+00,-1.21544160e+00,-6.23993615e-01,-7.61235811e+00,5.91203844e+00,-1.07616668e+01,3.43604231e+01,-1.21544160e+00,-6.23993615e-01,6.31312493e+00,1.52275482e+00,-5.63209538e+00,7.68749467e+00,-8.78140409e+00,3.61358793e+01,1.02828129e+00
"2027Q1",1.08667073e+03,1.08718673e+03,-5.16000000e-01,4.73945817e+02,4.73126985e+02,4.32000000e+00,4.00000000e+00,4.10000000e+00,4.62742079e+02,2.90000000e+00,1.39408653e+02,4.10462059e+02,3.40000000e+00,4.63000000e+00,1.85000000e+01,1.00000000e+00,0.00000000e+00,0.00000000e+00,0.00000000e+00,2.22506090e+00,-5.69372287e+00,5.18710000e+00,7.80000000e+01,1.64617477e+02,4.35670883e+02,3.34675940e+02,1.29309542e+02,5.81316272e+02,1.98026273e+00,1.98026273e+00,1.16787087e+00,2.50262155e+00,1.23987087e+00,2.63362155e+00,-7.20000000e-02,-1.31000000e-01,2.26151501e+00,3.91601344e+00,4.21733968e+00,3.22745288e+00,-1.70784040e+00,-2.17662050e+00,-2.08233987e+01,-2.70719122e+00,-3.91708453e+01,-7.87946857e+00,-1.70784040e+00,-2.17662050e+00,-2.28280945e+01,-6.99156299e+00,-1.88431360e+01,-4.36669316e-01,-3.71905826e+01,-5.60894667e+00,-1.95582468e+00
"2027Q2",1.08748143e+03,1.08796343e+03,-4.82000000e-01,4.74734912e+02,4.74170094e+02,4.25000000e+00,4.00000000e+00,4.10000000e+00,4.62497300e+02,2.90000000e+00,1.37463006e+02,4.06311233e+02,3.40000000e+00,4.55000000e+00,1.80000000e+01,0.00000000e+00,1.00000000e+00,0.00000000e+00,0.00000000e+00,1.98028140e+00,-7.79725419e+00,5.11240000e+00,7.52000000e+01,1.63166896e+02,4.32015123e+02,3.36336914e+02,1.29951297e+02,5.81811338e+02,1.98026273e+00,1.98026273e+00,3.24283144e+00,2.47111490e+00,3.10683144e+00,2.59211490e+00,1.36000000e-01,-1.21000000e-01,3.15638057e+00,2.71199082e+00,4.17243611e+00,3.22009398e+00,-9.79118000e-01,-1.45990000e+00,-7.78258788e+00,-8.16553408e+00,-1.66033010e+01,-1.83783254e+01,-9.79118000e-01,-1.45990000e+00,-8.41412528e+00,-7.78346649e+00,-5.80232515e+00,-6.18527135e+00,-1.46230383e+01,-1.63980627e+01,-1.01605554e+00
"2027Q3",1.08790086e+03,1.08832586e+03,-4.25000000e-01,4.75334684e+02,4.74710796e+02,4.25000000e+00,4.00000000e+00,4.10000000e+00,4.62000000e+02,2.90000000e+00,1.35991038e+02,4.03257106e+02,3.40000000e+00,4.37000000e+00,1.72500000e+01,0.00000000e+00,0.00000000e+00,1.00000000e+00,0.00000000e+00,1.48298140e+00,-8.32497261e+00,5.06270000e+00,7.33000000e+01,1.62189994e+02,4.29456061e+02,3.38006131e+02,1.30596236e+02,5.82306403e+02,1.98026273e+00,1.98026273e+00,1.67770962e+00,2.00869006e+00,1.44970962e+00,1.99469006e+00,2.28000000e-01,1.40000000e-02,2.39908853e+00,2.52963328e+00,2.16280749e+00,2.95646275e+00,-1.98920000e+00,-1.47290000e+00,-5.88787211e+00,-1.05265542e+01,-1.22165116e+01,-1.96880812e+01,-1.98920000e+00,-1.47290000e+00,-2.11087368e+00,-6.75999212e+00,-3.90760938e+00,-8.54629148e+00,-1.02362488e+01,-1.77078184e+01,2.36281037e-01
"2027Q4",1.08830636e+03,1.08867936e+03,-3.73000000e-01,4.76143997e+02,4.75037171e+02,4.25000000e+00,4.00000000e+00,4.10000000e+00,4.62000000e+02,2.90000000e+00,1.35002927e+02,4.01526609e+02,3.40000000e+00,4.20000000e+00,1.70000000e+01,0.00000000e+00,0.00000000e+00,0.00000000e+00,1.00000000e+00,1.48298140e+00,-6.90501185e+00,5.03780000e+00,7.24000000e+01,1.61696948e+02,4.28220630e+02,3.39683632e+02,1.31244376e+02,5.82801469e+02,1.98026273e+00,1.98026273e+00,1.62199530e+00,1.92760181e+00,1.41399530e+00,1.80260181e+00,2.08000000e-01,1.25000000e-01,3.23725383e+00,2.76355948e+00,1.30549923e+00,2.96452063e+00,0.00000000e+00,-1.16903960e+00,-3.95244632e+00,-9.61157626e+00,-6.92198653e+00,-1.87281611e+01,0.00000000e+00,-1.16903960e+00,5.67984303e+00,-6.91831260e+00,-1.97218359e+00,-7.63131353e+00,-4.94172380e+00,-1.67478984e+01,1.93175460e+00