period,date,scenario_id,scenario,scenario_order,D4L_CPI,D4L_CPIXFE,DLA_CPI,DLA_CPIXFE,DLA_CPIRES,D4L_CPI_GAP_XFE,TPM,TPMN1,T_COLOC,L_GDP_GAP,D4L_GDP,DLA_GDP,CRECSC,L_Z,L_Z_INDEX,L_Z_GAP,L_WTI,L_PCU,L_WTI_NOM,L_PCU_NOM,D4L_WTI,D4L_PCU,VIX,FFR,UST10,SHK_DLA_CPI,SHK_DLA_CPIXFE,SHK_DLA_CPIRES,SHK_L_GDP_GAP,SHK_TPM,SHK_L_WTI,SHK_L_PCU,SHK_VIX,SHK_FFR,SHK_UST10,SHK_CRECSC,SHK_L_Z
2000Q1,2000-01-01,baseline_ipom,Baseline IPoM identificado,1,NA,NA,NA,NA,NA,NA,8.21445825,7.9758093,8.16333333,-0.0712480368,NA,NA,4.38096613,441.939021,83.0456295,-18.5779975,378.092257,21.4045831,28.8233333,0.814084187,NA,NA,23.1503175,5.67666667,6.48,NA,NA,NA,NA,NA,NA,NA,NA,NA,NA,NA,NA
2000Q2,2000-04-01,baseline_ipom,Baseline IPoM identificado,1,NA,NA,5.47748624,5.98965307,-0.512166825,NA,8.5,7.9758093,8.04333333,-1.11311086,NA,1.18662668,4.7121249,441.840373,82.9637471,-18.6766458,377.149423,17.4798928,28.7766666,0.788888385,NA,NA,24.9239683,6.27333333,6.17666667,NA,NA,NA,NA,NA,NA,NA,NA,NA,NA,NA,NA
2000Q3,2000-07-01,baseline_ipom,Baseline IPoM identificado,1,NA,NA,2.95957751,1.67588776,1.28368975,NA,8.31060606,7.9758093,7.62666667,-0.93792116699999994,NA,6.05494918,4.22981529,448.162163,88.3778727,-12.3548555,385.64112,23.9225855,31.6133333,0.849076174,NA,NA,19.1690476,6.52,5.89333333,NA,NA,NA,NA,NA,NA,NA,NA,NA,NA,NA,NA
2000Q4,2000-10-01,baseline_ipom,Baseline IPoM identificado,1,NA,NA,5.40190645,2.36710885,3.0347976,NA,8,7.9758093,6.94,-1.07124308,NA,4.82065944,3.67618786,449.633828,89.6881165,-10.8831907,386.115178,21.9327799,31.99,0.838282077,NA,NA,26.0166667,6.47333333,5.56666667,NA,NA,NA,NA,NA,NA,NA,NA,NA,NA,NA,NA
2001Q1,2001-01-01,baseline_ipom,Baseline IPoM identificado,1,3.92547913,3.28156796,1.86294633,3.09362215,-1.23067582,0.64391117,7.54090909,6.8758093,6.91,-1.69079145,3.73454272,2.87593559,3.51060587,449.766993,89.8076293,-10.7500256,374.71621,16.3230926,28.8166668,0.800133055,-3.37604732,-5.08149048,25.7264516,5.59333333,5.05,NA,NA,NA,NA,NA,NA,NA,NA,NA,NA,NA,NA
2001Q2,2001-04-01,baseline_ipom,Baseline IPoM identificado,1,3.54725257,2.71438703,3.96457998,3.72092935,0.243650629,0.83286554,6.72666667,6.8758093,6.20666667,-2.05442838,4.41278115,3.89958038,2.47811631,452.158864,91.9816076,-8.35815469,370.808669,9.04235444,27.9066667,0.749163869,-6.34075452,-8.43753834,23.9238095,4.32666667,5.27,NA,NA,NA,NA,NA,NA,NA,NA,NA,NA,NA,NA
2001Q3,2001-07-01,baseline_ipom,Baseline IPoM identificado,1,3.56649483,3.03980777,3.03654657,2.97757075,0.0589758254,0.52668706,6.5,6.8758093,6.7,-3.74152429,2.55048041,-1.39425378,1.51306996,460.707715,100.190878,0.190696469,365.981667,-2.75308008,26.6666667,0.667688772,-19.6594533,-26.6756656,25.380339,3.49666667,4.98,NA,NA,NA,NA,NA,NA,NA,NA,NA,NA,NA,NA
2001Q4,2001-10-01,baseline_ipom,Baseline IPoM identificado,1,2.98817487,3.46177231,3.0886266,4.05496702,-0.966340414,-0.47359744,6.5,6.8758093,6.68666667,-4.31224155,2.11308218,3.07106652,0.852112903,461.536136,101.024328,1.01911769,339.268812,-5.88117847,20.4000001,0.646640358,-46.8463665,-27.8139584,27.91,2.13333333,4.77,NA,NA,NA,NA,NA,NA,NA,NA,NA,NA,NA,NA
2002Q1,2002-01-01,baseline_ipom,Baseline IPoM identificado,1,2.4096193,3.5312684,-0.451275971,3.3716065,-3.82288247,-1.1216491,5.68,6.7758093,6.64666667,-4.63150859,2.41335473,4.0770258,1.51921277,454.442768,94.1065527,-6.07425094,344.927915,2.61228132,21.6566667,0.706209744,-29.7882948,-13.7108113,21.3608333,1.73333333,5.07666667,NA,NA,NA,NA,NA,NA,NA,NA,NA,NA,NA,NA
2002Q2,2002-04-01,baseline_ipom,Baseline IPoM identificado,1,2.16417724,3.49006309,2.98281174,3.55610812,-0.573296383,-1.32588585,4.32666667,6.76043061,5.48,-5.09390629,2.31461486,3.50462092,2.19748187,452.93067,92.6942739,-7.58634881,363.367333,5.25550777,26.2466666,0.730826454,-7.44133571,-3.78684667,21.643125,1.75,5.1,NA,NA,NA,NA,NA,NA,NA,NA,NA,NA,NA,NA
2002Q3,2002-07-01,baseline_ipom,Baseline IPoM identificado,1,2.3281682,3.02974582,3.69251045,1.13630164,2.5562088,-0.70157762,3.20333333,6.72911046,5.36,-5.21209116,3.88347362,4.88118125,3.22193928,460.443017,99.9260258,-0.074001938,370.503669,-1.37699078,28.3399999,0.687610753,4.52200238,1.3760893,35.0684375,1.74,4.26,NA,NA,NA,NA,NA,NA,NA,NA,NA,NA,NA,NA
2002Q4,2002-10-01,baseline_ipom,Baseline IPoM identificado,1,2.91889847,2.82163752,5.45154766,3.22253381,2.22901385,0.09726095,3,6.70589976,4.65333333,-5.2840184,4.38230778,5.06640315,3.41712694,461.212334,100.697738,0.695315006,369.478099,0.509641904,28.2166667,0.704848952,30.2092874,6.39082037,30.7267187,1.44333333,4.00666667,NA,NA,NA,NA,NA,NA,NA,NA,NA,NA,NA,NA
2003Q1,2003-01-01,baseline_ipom,Baseline IPoM identificado,1,3.71517292,2.64593572,2.73382183,2.66879932,0.0650225101,1.0692372,2.77333333,6.63716417,5.5,-5.33281126,4.65277141,5.15888033,2.88105841,467.857359,107.616458,7.34034039,387.383566,6.30017399,34.0966666,0.754549578,42.4556512,3.68789266,30.022623,1.25,3.92,NA,NA,NA,NA,NA,NA,NA,NA,NA,NA,NA,NA
2003Q2,2003-04-01,baseline_ipom,Baseline IPoM identificado,1,3.64827466,2.86720772,2.71521869,4.44119609,-1.7259774,0.78106694,2.75,6.57297439,5.24333333,-5.35503553,5.0929129,5.26518686,2.12890088,467.268297,106.984394,6.75127861,371.287938,5.08808067,28.9800001,0.744239318,7.92060445,-0.167427099,21.5312698,1.24666667,3.62,NA,NA,NA,NA,NA,NA,NA,NA,NA,NA,NA,NA
2003Q3,2003-07-01,baseline_ipom,Baseline IPoM identificado,1,2.68251739,2.54414825,-0.170518615,-0.155936226,-0.014582389,0.13836914,2.75,6.51384914,5.07333333,-5.96546359,4.6007373,2.91247887,2.66981652,465.441562,105.047814,4.92454332,374.711909,10.9770391,30.2133333,0.795276543,4.20823977,12.3540299,19.3201563,1.01666667,4.23333333,NA,NA,NA,NA,NA,NA,NA,NA,NA,NA,NA,NA
2003Q4,2003-10-01,baseline_ipom,Baseline IPoM identificado,1,1.03440004,2.27596507,-1.14092176,2.1498011,-3.29072286,-1.24156503,2.65,6.4532337,4.87666667,-6.43542509,4.20268066,3.47417658,3.17513655,458.053272,97.5663559,-2.46374633,377.525193,26.676397,31.1933332,0.933995586,8.04709444,26.1667551,17.4271875,0.996666667,4.28666667,NA,NA,NA,NA,NA,NA,NA,NA,NA,NA,NA,NA
2004Q1,2004-01-01,baseline_ipom,Baseline IPoM identificado,1,-0.00329199543,1.7560093,-1.4169463,0.588976249,-2.00592255,-1.7593013,1.79,6.38301909,5.05333333,-5.59128462,5.09561983,8.73063702,4.32908008,454.906806,94.5442577,-5.61021261,388.899174,54.0598494,35.2466668,1.23859506,1.5156075,47.7596754,16.6580645,1.00333333,4.02,NA,NA,NA,NA,NA,NA,NA,NA,NA,NA,NA,NA
2004Q2,2004-04-01,baseline_ipom,Baseline IPoM identificado,1,0.458271681,1.15108946,4.56147339,2.0215167,2.5399567,-0.692817779,1.75,6.31230112,3.58333333,-5.00208842,5.70705981,7.71094676,5.03939,461.459635,100.947073,0.942616287,396.563717,55.4162198,38.3533333,1.2653724,25.2757796,50.3281391,16.2112698,1.01,4.6,NA,NA,NA,NA,NA,NA,NA,NA,NA,NA,NA,NA
2004Q3,2004-07-01,baseline_ipom,Baseline IPoM identificado,1,1.46766806,1.52256705,3.86706692,1.32997417,2.53709275,-0.05489899,1.81333333,6.23431592,3.92666667,-3.67998791,7.63952749,10.6423496,4.56424806,462.397942,101.898724,1.8809236,409.374535,56.9140213,43.8733335,1.29265929,34.6626257,45.9369823,15.4421875,1.43333333,4.30333333,NA,NA,NA,NA,NA,NA,NA,NA,NA,NA,NA,NA
2004Q4,2004-10-01,baseline_ipom,Baseline IPoM identificado,1,2.24640591,1.04541218,1.97402965,0.241181589,1.73284806,1.20099373,2.13333333,6.15564958,3.86,-3.04752699,8.74196152,7.88391273,4.11439902,459.886604,99.3715683,-0.630414731,417.918991,64.0514317,48.3000002,1.40320088,40.3937971,37.3750347,13.6514063,1.95,4.17333333,NA,NA,NA,NA,NA,NA,NA,NA,NA,NA,NA,NA
2005Q1,2005-01-01,baseline_ipom,Baseline IPoM identificado,1,2.26538595,1.39197116,-1.34102615,1.97521219,-3.31623834,0.87341479,2.60666667,6.07548739,4.29666667,-3.53524484,7.41013035,3.40331233,4.16407561,459.305108,98.7954035,-1.21191059,420.326189,69.028124,49.7266665,1.48224924,31.4270157,14.9682746,12.7870492,2.47,4.29666667,NA,NA,NA,NA,NA,NA,NA,NA,NA,NA,NA,NA
2005Q2,2005-04-01,baseline_ipom,Baseline IPoM identificado,1,2.72674711,1.95831802,6.40691804,4.28690412,2.12001392,0.76842909,3.11,5.9995595,4.26666667,-2.40512604,7.95100514,9.8744459,4.15575363,459.511849,98.9998653,-1.00516993,426.128305,72.0038092,53.0533332,1.53733859,29.5645881,16.5875894,13.4073438,2.94333333,4.16,NA,NA,NA,NA,NA,NA,NA,NA,NA,NA,NA,NA
2005Q3,2005-07-01,baseline_ipom,Baseline IPoM identificado,1,3.27311571,2.36383579,6.05254131,2.95204527,3.10049604,0.90927992,3.66,5.93427191,4.15,-1.84100514,7.19308762,7.61067951,3.4358152,454.152595,93.8338767,-6.36442334,442.115143,80.7920823,63.1933335,1.70398258,32.7406079,23.8780609,12.2507812,3.46,4.21333333,NA,NA,NA,NA,NA,NA,NA,NA,NA,NA,NA,NA
2005Q4,2005-10-01,baseline_ipom,Baseline IPoM identificado,1,3.75074579,2.8544458,3.88454995,2.2036216,1.68092834,0.89629999,4.36666667,5.88905699,4.99666667,-1.71751741,6.68411538,5.84802376,3.82050193,448.575298,88.7437479,-11.941721,435.995964,93.4194504,59.9966668,1.95135474,18.0769732,29.3680187,12.781746,3.98,4.49,NA,NA,NA,NA,NA,NA,NA,NA,NA,NA,NA,NA
2006Q1,2006-01-01,baseline_ipom,Baseline IPoM identificado,1,3.98162168,2.87238684,-0.417522568,2.04697637,-2.46449894,1.10923484,4.63666667,5.83294702,5.28,-1.81148928,7.07782836,4.97816425,4.74784436,449.507329,89.5747337,-11.0096901,440.788797,106.726759,63.2700001,2.2407058,20.4626076,37.6986351,12.0424194,4.45666667,4.57,NA,NA,NA,NA,NA,NA,NA,NA,NA,NA,NA,NA
2006Q2,2006-04-01,baseline_ipom,Baseline IPoM identificado,1,3.74051326,3.05348351,5.44248436,5.01129079,0.43119357,0.68702975,4.96,5.78161811,5.13,-0.902005395,6.85722951,8.99205051,4.35944308,451.08158,90.9960228,-9.43543896,450.582839,143.647375,70.4099997,3.27062355,24.4545341,71.6435656,14.5287302,4.90666667,5.07,NA,NA,NA,NA,NA,NA,NA,NA,NA,NA,NA,NA
2006Q3,2006-07-01,baseline_ipom,Baseline IPoM identificado,1,3.42034924,2.92122581,4.77188523,2.42301448,2.34887075,0.49912343,5.21333333,5.72484036,5.07,-0.663424023,6.53163022,6.30828236,4.34921651,454.011819,93.7018741,-6.50520002,449.652714,148.887291,70.4166666,3.47910733,7.53757147,68.0952085,13.6079365,5.24666667,4.89666667,NA,NA,NA,NA,NA,NA,NA,NA,NA,NA,NA,NA
2006Q4,2006-10-01,baseline_ipom,Baseline IPoM identificado,1,2.19961803,2.77798555,-0.99837491,1.63066056,-2.62903547,-0.57836752,5.25,5.66629932,5.12666667,0.0795897126,7.15117456,8.32620112,4.7800048,452.661503,92.445107,-7.85551563,434.016292,141.127086,59.9766667,3.20612659,-1.97967183,47.7076355,11.0349206,5.24666667,4.63,NA,NA,NA,NA,NA,NA,NA,NA,NA,NA,NA,NA
2007Q1,2007-01-01,baseline_ipom,Baseline IPoM identificado,1,2.64289187,2.93346414,1.35557281,2.66889074,-1.31331793,-0.29057227,5.03,5.61382171,4.78333333,-0.460768312,6.70479802,3.19265808,4.86833916,455.383416,94.9959406,-5.13360221,429.821509,122.641198,58.0766666,2.69112916,-10.9672878,15.914439,12.5636066,5.25666667,4.68,NA,NA,NA,NA,NA,NA,NA,NA,NA,NA,NA,NA
2007Q2,2007-04-01,baseline_ipom,Baseline IPoM identificado,1,2.80901949,2.90434968,6.10699485,4.89483294,1.21216191,-0.09533019,5,5.56607922,4.52,-0.318980143,5.81830179,5.44606561,5.3932981,455.257481,94.8763827,-5.25953736,439.921746,146.823794,64.9766666,3.4661647,-10.6610933,3.17641865,13.7319048,5.25,4.84666667,NA,NA,NA,NA,NA,NA,NA,NA,NA,NA,NA,NA
2007Q3,2007-07-01,baseline_ipom,Baseline IPoM identificado,1,4.64060851,3.97685272,12.0982413,6.71302664,5.38521464,0.66375579,5.39666667,5.51515003,4.32333333,-0.747776578,5.03220304,3.16388734,5.1795683,453.624838,93.3399663,-6.89218046,454.257011,147.112738,75.4666663,3.4981992,4.60429729,-1.77455237,21.5892063,5.07333333,4.73,NA,NA,NA,NA,NA,NA,NA,NA,NA,NA,NA,NA
2007Q4,2007-10-01,baseline_ipom,Baseline IPoM identificado,1,6.94453432,4.89447606,8.21732834,5.30115392,2.91617442,2.05005826,5.79333333,5.46080447,4.77333333,0.957732617,5.87592605,11.7010932,5.07184466,452.372288,92.1781281,-8.14473076,471.483247,138.849849,90.7533338,3.26027396,37.4669546,-2.27723644,22.0298438,4.49666667,4.26,NA,NA,NA,NA,NA,NA,NA,NA,NA,NA,NA,NA
2008Q1,2008-01-01,baseline_ipom,Baseline IPoM identificado,1,7.6701254,5.6943831,4.25793715,5.86851891,-1.61058176,1.9757423,6.22333333,5.40393326,4.85333333,2.14441063,7.48418867,9.62570856,4.34532702,447.137344,87.4767847,-13.3796749,478.023463,145.897832,97.9366665,3.53624242,48.201954,23.2566336,26.1201639,3.17666667,3.66333333,NA,NA,NA,NA,NA,NA,NA,NA,NA,NA,NA,NA
2008Q2,2008-04-01,baseline_ipom,Baseline IPoM identificado,1,8.44348779,6.63578002,9.20044441,8.66042061,0.540023798,1.80770777,6.36,5.39744526,4.59666667,1.96802874,6.92680558,3.21653324,4.00887791,451.995308,91.8312892,-8.52171067,500.289329,152.575133,123.953333,3.82961083,60.3675832,5.75133902,20.6729687,2.08666667,3.88666667,NA,NA,NA,NA,NA,NA,NA,NA,NA,NA,NA,NA
2008Q3,2008-07-01,baseline_ipom,Baseline IPoM identificado,1,8.88009426,6.71623806,13.8446671,7.0348588,6.80980834,2.1638562,7.57333333,5.33460329,4.64333333,0.961718122,6.11002912,-0.103218508,3.34553286,459.275424,98.7660814,-1.24159443,493.879526,141.57431,118.05,3.48356467,39.6225148,-5.53842858,25.0734375,1.94,3.86333333,NA,NA,NA,NA,NA,NA,NA,NA,NA,NA,NA,NA
2008Q4,2008-10-01,baseline_ipom,Baseline IPoM identificado,1,8.24111068,7.33262439,5.66139401,7.76669924,-2.10530523,0.90848629,8.25,5.27276285,5.91666667,-0.946443045,2.25712873,-3.71050836,-0.0570640051,467.12144,106.827395,6.60442173,425.725745,76.2539605,58.3466664,1.771248,-45.757501,-62.5958889,58.6046875,0.506666667,3.25333333,NA,NA,NA,NA,NA,NA,NA,NA,NA,NA,NA,NA
2009Q1,2009-01-01,baseline_ipom,Baseline IPoM identificado,1,4.72132697,6.89196819,-9.82119768,4.10589411,-13.9270918,-2.17064122,5.54666667,5.20095515,6.01,-2.50516441,-0.727519166,-2.31288303,-2.13781702,459.199639,98.6912599,-1.31737961,395.694027,63.9301392,42.9133335,1.55510599,-82.3294366,-81.9676924,45,0.183333333,2.73666667,NA,NA,NA,NA,NA,NA,NA,NA,NA,NA,NA,NA
2009Q2,2009-04-01,baseline_ipom,Baseline IPoM identificado,1,1.82460291,5.13936269,-2.38645184,1.64999859,-4.03645043,-3.31475978,1.44,5.13211336,4.58,-4.90645707,-2.71318003,-4.72611022,-1.68523639,455.813374,95.4052626,-4.70364462,427.742161,94.1576429,59.4400003,2.11514258,-72.5471688,-58.4174896,33.0157143,0.18,3.31333333,NA,NA,NA,NA,NA,NA,NA,NA,NA,NA,NA,NA
2009Q3,2009-07-01,baseline_ipom,Baseline IPoM identificado,1,-1.8442512,3.36283501,-0.830749297,-0.0712519072,-0.75949739,-5.20708621,0.526666667,5.07334573,4.76666667,-5.12246027,-1.68362332,4.01500834,-0.437290056,456.038257,95.6200542,-4.47876198,440.638051,116.133529,68.2033331,2.65766579,-53.2414748,-25.4407809,25.48625,0.156666667,3.51666667,NA,NA,NA,NA,NA,NA,NA,NA,NA,NA,NA,NA
2009Q4,2009-10-01,baseline_ipom,Baseline IPoM identificado,1,-3.05898526,1.45718946,0.802457753,0.144117051,0.658340701,-4.51617472,0.5,5.01761075,4.5,-5.24378712,0.342430579,4.39370723,3.11004445,453.506746,93.2298044,-7.0102721,450.761073,127.992288,76.0599997,3.01570806,25.0353279,51.7383276,23.071875,0.12,3.46,NA,NA,NA,NA,NA,NA,NA,NA,NA,NA,NA,NA
2010Q1,2010-01-01,baseline_ipom,Baseline IPoM identificado,1,-0.257737328,0.429554611,1.38379407,-0.00464529318,1.38843936,-0.687291939,0.5,4.95359289,4.53666667,-5.79767927,1.58651688,2.66346216,5.85058013,452.65907,92.4428578,-7.85794862,453.938493,136.253206,78.6400002,3.28060418,58.2444662,72.323067,20.1496721,0.133333333,3.71666667,NA,NA,NA,NA,NA,NA,NA,NA,NA,NA,NA,NA
2010Q2,2010-04-01,baseline_ipom,Baseline IPoM identificado,1,1.18917646,0.566115349,3.4012033,2.19624154,1.20496176,0.623061111,0.58,4.88426882,4.3,-3.5157818,6.26970682,14.0066495,5.85626755,453.689545,93.4003834,-6.82747388,452.88701,133.41208,77.7900002,3.18758504,25.1448491,39.2544372,26.3914286,0.193333333,3.49,NA,NA,NA,NA,NA,NA,NA,NA,NA,NA,NA,NA
2010Q3,2010-07-01,baseline_ipom,Baseline IPoM identificado,1,2.22464517,0.869672913,3.31112555,1.14297835,2.1681472,1.35497226,1.74666667,4.81711104,4.15,-2.38703603,7.61444365,9.39395566,5.52089353,451.214061,91.1166551,-9.30295762,450.336488,136.139642,76.0533335,3.28532766,9.69843644,20.0061128,24.2835938,0.186666667,2.78666667,NA,NA,NA,NA,NA,NA,NA,NA,NA,NA,NA,NA
2010Q4,2010-10-01,baseline_ipom,Baseline IPoM identificado,1,2.44139933,1.2259664,1.66947442,1.56929099,0.100183428,1.21543293,2.87666667,4.75307829,4.45333333,-1.73037864,8.3924249,7.50563224,4.89187836,448.257958,88.4625749,-12.2590604,460.765326,152.931865,85.0966665,3.91749827,10.0042528,24.9395766,19.3184375,0.186666667,2.86333333,NA,NA,NA,NA,NA,NA,NA,NA,NA,NA,NA,NA
2011Q1,2011-01-01,baseline_ipom,Baseline IPoM identificado,1,2.8757874,1.72400452,3.12134632,1.98750718,1.13383914,1.15178288,3.43666667,4.73769349,4.56666667,-0.599055767,10.077637,9.40431055,4.80730146,451.020603,90.9405531,-9.49641551,469.160328,162.979803,93.5366666,4.37780854,15.2218354,26.7265965,18.6148387,0.156666667,3.46,NA,NA,NA,NA,NA,NA,NA,NA,NA,NA,NA,NA
2011Q2,2011-04-01,baseline_ipom,Baseline IPoM identificado,1,3.25033387,1.97191359,4.89938918,3.18787785,1.71151133,1.27842028,4.74333333,4.72327264,4.26666667,0.00428376317,8.20785942,6.52753921,4.28052315,451.02265,90.9424146,-9.4943686,476.916896,156.53603,102.23,4.15127916,24.0298863,23.1239496,17.482381,0.0933333333,3.21,NA,NA,NA,NA,NA,NA,NA,NA,NA,NA,NA,NA
2011Q3,2011-07-01,baseline_ipom,Baseline IPoM identificado,1,3.06887448,2.07439468,2.58528801,1.55290271,1.03238529,0.9944798,5.25,4.70826742,4.39666667,0.398452726,7.28210137,5.69092345,3.64087555,451.235842,91.1365034,-9.28117658,463.210085,154.121052,89.7166668,4.07865072,12.873597,17.9814098,30.5835937,0.0833333333,2.42666667,NA,NA,NA,NA,NA,NA,NA,NA,NA,NA,NA,NA
2011Q4,2011-10-01,baseline_ipom,Baseline IPoM identificado,1,3.9342774,2.31291486,5.13108607,2.52337169,2.60771438,1.62136254,5.25,4.6890816299999996,4.66,1.08070464,7.11647265,6.8431174,3.32475236,455.728646,95.3244618,-4.78837266,467.440193,135.384649,94.0133335,3.3969609,6.67486661,-17.5472157,29.9395238,0.0733333333,2.04666667,NA,NA,NA,NA,NA,NA,NA,NA,NA,NA,NA,NA
2012Q1,2012-01-01,baseline_ipom,Baseline IPoM identificado,1,4.06474152,2.9061494,3.64320283,4.36044536,-0.717242532,1.15859212,5.03333333,4.66499113,4.49666667,2.32505474,7.03829997,9.09161982,3.25182495,451.35282,91.2431754,-9.16419906,475.888025,145.198971,102.876666,3.7683616,6.72769704,-17.7808315,18.2040323,0.103333333,2.03666667,NA,NA,NA,NA,NA,NA,NA,NA,NA,NA,NA,NA
2012Q2,2012-04-01,baseline_ipom,Baseline IPoM identificado,1,3.04991717,2.85639917,0.840091794,2.98887692,-2.14878512,0.193518,5,4.64350481,4.55333333,3.43228147,7.44603387,8.1584748,2.83764294,451.349049,91.2397347,-9.16796929,466.041741,139.531495,93.4266662,3.56824668,-10.8751545,-17.0045343,20.0357143,0.153333333,1.82333333,NA,NA,NA,NA,NA,NA,NA,NA,NA,NA,NA,NA
2012Q3,2012-07-01,baseline_ipom,Baseline IPoM identificado,1,2.60623236,2.74029923,0.810548741,1.08850295,-0.277954214,-0.13406687,5,4.61988667,4.52,3.48394012,7.00736856,3.93626223,2.90851124,448.454939,88.6370011,-12.0620797,464.247925,137.158197,92.1800004,3.50029031,1.0378397,-16.9628548,16.1926984,0.143333333,1.64333333,NA,NA,NA,NA,NA,NA,NA,NA,NA,NA,NA,NA
2012Q4,2012-10-01,baseline_ipom,Baseline IPoM identificado,1,2.15419672,2.69527002,3.32294352,2.34325486,0.979688662,-0.5410733,5,4.59752462,4.54,2.83229964,5.57734469,1.12302191,2.81271832,447.722055,87.9897693,-12.7949638,458.899071,138.953431,87.96,3.58739304,-8.54112172,3.56878167,16.7529032,0.16,1.70666667,NA,NA,NA,NA,NA,NA,NA,NA,NA,NA,NA,NA
2013Q1,2013-01-01,baseline_ipom,Baseline IPoM identificado,1,1.51725615,2.50177587,1.09544055,3.58646874,-2.49102818,-0.98451972,5,4.52892448,4.79666667,2.62529577,4.02982215,2.90152965,2.8958738,446.927505,87.2934167,-13.5895138,465.4967,138.7895,94.3366668,3.59591308,-10.3913253,-6.40947098,13.527,0.143333333,1.95,NA,NA,NA,NA,NA,NA,NA,NA,NA,NA,NA,NA
2013Q2,2013-04-01,baseline_ipom,Baseline IPoM identificado,1,1.65793396,2.69093079,1.40280301,3.7454966,-2.34269359,-1.03299683,5,4.50583527,4.51,2.58299394,2.68688404,2.78672238,3.26921863,448.451454,88.6339121,-12.0655647,465.355055,128.513294,94.0999997,3.24118964,-0.686686269,-11.0182015,14.8370313,0.116666667,1.99666667,NA,NA,NA,NA,NA,NA,NA,NA,NA,NA,NA,NA
2013Q3,2013-07-01,baseline_ipom,Baseline IPoM identificado,1,2.14853827,2.94483139,2.772966,2.10410536,0.668860645,-0.79629312,5,4.48413679,4.43333333,2.35763222,2.21641294,2.05437782,3.3964448800000002,451.552484,91.4255372,-8.96453454,476.575866,127.036967,105.843334,3.21096343,12.3279413,-10.1212293,14.2796875,0.0833333333,2.71,NA,NA,NA,NA,NA,NA,NA,NA,NA,NA,NA,NA
2013Q4,2013-10-01,baseline_ipom,Baseline IPoM identificado,1,2.31405337,3.33795798,3.9850039,3.91576124,0.0692426562,-1.02390461,4.68333333,4.45936493,4.5,2.00422059,2.32121557,1.54223242,3.59385555,452.95466,92.7165139,-7.56235846,467.835204,127.705115,97.3433332,3.24444193,8.93613311,-11.2483158,14.2328125,0.0866666667,2.74666667,NA,NA,NA,NA,NA,NA,NA,NA,NA,NA,NA,NA
2014Q1,2014-01-01,baseline_ipom,Baseline IPoM identificado,1,3.13821212,3.56683746,4.39207556,4.50198663,-0.109911076,-0.42862534,4.33666667,4.33002638,4.30120663,1.61202777,1.94260961,1.3871058,3.5990659,458.051421,97.56455,-2.46559754,468.645689,125.47184,98.7466667,3.19254741,3.14898919,-13.3176604,14.8288525,0.0733333333,2.76333333,NA,NA,NA,NA,NA,NA,NA,NA,NA,NA,NA,NA
2014Q2,2014-04-01,baseline_ipom,Baseline IPoM identificado,1,4.36489707,4.49618139,6.30954284,7.46287233,-1.15332948,-0.13128432,4,4.29839136,3.98914435,1.32117607,1.69405819,1.79251672,2.88456082,457.879529,97.3969884,-2.63748948,472.669154,121.305561,103.346667,3.07853275,7.31409865,-7.20773246,12.738254,0.0933333333,2.62333333,NA,NA,NA,NA,NA,NA,NA,NA,NA,NA,NA,NA
2014Q3,2014-07-01,baseline_ipom,Baseline IPoM identificado,1,4.54543,4.62551329,3.4950977,2.62143295,0.873664742,-0.08008329,3.62333333,4.2639844,3.62496659,0.56218206,1.16042207,-0.0801666771,2.78859959,460.323476,99.8066446,-0.193542512,466.876749,124.0329,97.78,3.17174391,-9.69911685,-3.00406694,13.0726562,0.09,2.49666667,NA,NA,NA,NA,NA,NA,NA,NA,NA,NA,NA,NA
2014Q4,2014-10-01,baseline_ipom,Baseline IPoM identificado,1,5.12580897,4.94475391,6.3065198,5.19272372,1.11379608,0.18105506,3.04666667,4.23214046,3.79112838,0.876484291,1.82815314,4.21315673,2.90482419,458.251681,97.7601285,-2.26533806,438.118378,118.824939,73.1599996,3.00330824,-29.7168257,-8.88017616,16.0723438,0.1,2.28,NA,NA,NA,NA,NA,NA,NA,NA,NA,NA,NA,NA
2015Q1,2015-01-01,baseline_ipom,Baseline IPoM identificado,1,4.28099337,5.11543289,1.01281313,5.18470257,-4.17188943,-0.83443952,3,4.15728188,3.6944292,0.452729467,1.79657734,1.26080259,3.16800048,457.399269,96.930351,-3.11774978,397.741701,106.485128,48.5399999,2.63747618,-70.9039878,-18.9867117,16.5647541,0.11,1.96666667,NA,NA,NA,NA,NA,NA,NA,NA,NA,NA,NA,NA
2015Q2,2015-04-01,baseline_ipom,Baseline IPoM identificado,1,4.09009454,5.02646037,5.54594754,7.10698222,-1.56103469,-0.93636583,3,4.13622674,3.56805302,0.798837905,2.38495443,4.14602509,2.89641859,454.347631,94.0170652,-6.16938735,414.602831,109.844414,57.8466669,2.74618223,-58.0663233,-11.4611476,13.7401587,0.123333333,2.16666667,NA,NA,NA,NA,NA,NA,NA,NA,NA,NA,NA,NA
2015Q3,2015-07-01,baseline_ipom,Baseline IPoM identificado,1,4.63907566,5.38243898,5.69102216,4.0453474,1.64567476,-0.74336332,3,4.11737353,3.43526983,0.762160078,3.0586961,2.61479998,2.32466402,459.502398,98.9905093,-1.01462035,392.212117,95.2394063,46.4166667,2.38197859,-74.664632,-28.7934942,19.3073438,0.136666667,2.22,NA,NA,NA,NA,NA,NA,NA,NA,NA,NA,NA,NA
2015Q4,2015-10-01,baseline_ipom,Baseline IPoM identificado,1,4.01922431,5.21312737,3.82711442,4.51547729,-0.688362869,-1.19390306,3.24333333,4.10056633,3.74044576,0.751707121,2.68532941,2.71968999,1.93845625,459.380467,98.8698827,-1.13655209,382.101669,88.0492348,41.9499999,2.21655478,-56.0167093,-30.7757039,17.0332813,0.16,2.19,NA,NA,NA,NA,NA,NA,NA,NA,NA,NA,NA,NA
2016Q1,2016-01-01,baseline_ipom,Baseline IPoM identificado,1,4.54530932,5.06192325,3.11715317,4.57988606,-1.4627329,-0.51661393,3.5,4.03394286,3.85677054,0.625578205,2.93436514,2.25694552,1.98103567,456.999238,96.5433741,-3.5177806,358.720707,83.5471052,33.1833334,2.11766005,-39.0209945,-22.938023,20.4862295,0.36,1.92,NA,NA,NA,NA,NA,NA,NA,NA,NA,NA,NA,NA
2016Q2,2016-04-01,baseline_ipom,Baseline IPoM identificado,1,4.12828121,4.67506386,3.87783508,5.5595447,-1.68170962,-0.54678265,3.5,4.02221956,3.66854925,-0.149139538,1.78919672,-0.434648611,2.21802976,455.99272,95.5765216,-4.52429824,389.285224,84.0580172,45.4066666,2.14553056,-25.3176064,-25.7863967,15.6759375,0.373333333,1.75333333,NA,NA,NA,NA,NA,NA,NA,NA,NA,NA,NA,NA
2016Q3,2016-07-01,baseline_ipom,Baseline IPoM identificado,1,3.4343373,4.23225419,2.91524653,2.27410872,0.641137811,-0.79791689,3.5,4.00991416,3.67821116,0.0298264996,1.98050382,3.38002837,2.421999,453.579212,93.2973888,-6.93780645,387.628113,84.5538029,44.85,2.1653467,-4.58400398,-10.6856034,13.2339063,0.396666667,1.56333333,NA,NA,NA,NA,NA,NA,NA,NA,NA,NA,NA,NA
2016Q4,2016-10-01,baseline_ipom,Baseline IPoM identificado,1,2.78918837,3.4369362,1.2465187,1.3342053,-0.0876866088,-0.64774783,3.5,4.0061756,3.56313903,-0.518783856,1.41804124,0.469839677,2.67525066,452.239225,92.0555547,-8.27779318,396.123531,94.011332,49.1366666,2.39524025,14.0218618,5.96209718,14.0979365,0.45,2.13,NA,NA,NA,NA,NA,NA,NA,NA,NA,NA,NA,NA
2017Q1,2017-01-01,baseline_ipom,Baseline IPoM identificado,1,2.71703642,3.11489632,2.82854537,3.29172656,-0.463181192,-0.3978599,3.29333333,3.98529977,3.51666667,-1.30864277,0.729991522,-0.495253347,3.27212549,451.512728,91.3891973,-9.0042907,400.636346,103.26881,51.7666666,2.64605825,41.9156394,19.7217045,11.6919355,0.7,2.44333333,NA,NA,NA,NA,NA,NA,NA,NA,NA,NA,NA,NA
2017Q2,2017-04-01,baseline_ipom,Baseline IPoM identificado,1,2.27489592,2.7728305,2.10927307,4.19128143,-2.08200836,-0.49793458,2.67666667,3.96438924,3.25666667,-1.02459439,1.76438941,3.70294293,3.52319139,453.61121,93.3272468,-6.90580812,393.465247,100.185102,48.24,2.56866704,4.1800228,16.1270844,11.4263492,0.95,2.26333333,NA,NA,NA,NA,NA,NA,NA,NA,NA,NA,NA,NA
2017Q3,2017-07-01,baseline_ipom,Baseline IPoM identificado,1,1.65286058,2.41091212,0.427105177,0.826435202,-0.399330025,-0.75805154,2.5,3.95154463,3.12,-0.378423951,2.20723757,5.15142102,3.81417847,452.252188,92.0674886,-8.26483095,392.829288,111.107695,48.1633332,2.87882458,5.20117527,26.5538921,10.9442857,1.15333333,2.24333333,NA,NA,NA,NA,NA,NA,NA,NA,NA,NA,NA,NA
2017Q4,2017-10-01,baseline_ipom,Baseline IPoM identificado,1,1.99894798,2.3309781,2.63086828,1.01446923,1.61639906,-0.33203012,2.5,3.94060975,3.31666667,-0.130885837,2.97901916,3.55696604,4.12085503,451.017671,90.9378867,-9.49934809,405.974877,117.332922,55.3666667,3.08810668,9.85134581,23.3215901,10.3079365,1.20333333,2.37,NA,NA,NA,NA,NA,NA,NA,NA,NA,NA,NA,NA
2018Q1,2018-01-01,baseline_ipom,Baseline IPoM identificado,1,2.01424335,2.13708603,2.88972688,2.51615825,0.373568637,-0.12284268,2.5,3.92094671,3.49333333,0.10959829,3.98501208,3.52871832,3.94887928,448.329124,88.5255526,-12.1878946,417.87140900000003,118.691082,62.8866665,3.15671173,17.2350631,15.4222723,17.3547541,1.44666667,2.76,NA,NA,NA,NA,NA,NA,NA,NA,NA,NA,NA,NA
2018Q2,2018-04-01,baseline_ipom,Baseline IPoM identificado,1,2.12536321,1.9579435,2.55375251,3.47471133,-0.920958828,0.16741971,2.5,3.89000435,3.31,1.29877465,4.81693683,7.03064192,3.89149685,449.663406,89.7146484,-10.853613,425.194837,116.881603,68.0333334,3.11698267,31.72959,16.6965014,15.3375,1.73666667,2.92,NA,NA,NA,NA,NA,NA,NA,NA,NA,NA,NA,NA
2018Q3,2018-07-01,baseline_ipom,Baseline IPoM identificado,1,2.61388709,2.0772056,2.38120067,1.30348361,1.07771706,0.53668149,2.5,3.8534229,3.19,0.0765304275,2.87533331,-2.61499303,3.71460548,452.202528,92.0217792,-8.31449013,427.295322,104.611724,69.7566669,2.76814389,34.4660334,-6.49597117,12.8568254,1.92333333,2.92666667,NA,NA,NA,NA,NA,NA,NA,NA,NA,NA,NA,NA
2018Q4,2018-10-01,baseline_ipom,Baseline IPoM identificado,1,2.39656983,2.1414504,1.7615992599999999,1.27144842,0.490150835,0.25511943,2.7,3.81329521,3.09666667,0.776588522,3.25461622,5.07409767,3.28174985,452.984479,92.7441651,-7.53253919,410.271332,105.265719,59.0766669,2.79765036,4.29645478,-12.0672029,21.0536508,2.22,3.03333333,NA,NA,NA,NA,NA,NA,NA,NA,NA,NA,NA,NA
2019Q1,2019-01-01,baseline_ipom,Baseline IPoM identificado,1,1.82252094,2.26730856,0.59353135,3.01959087,-2.42605952,-0.44478762,2.92,3.7666602,3.17,0.40373298,2.56806889,0.782528995,3.13907829,452.246933,92.0626506,-8.2700857,402.538782,105.850139,54.8266669,2.82156097,-15.3326276,-12.8409427,16.47,2.40333333,2.65333333,NA,NA,NA,NA,NA,NA,NA,NA,NA,NA,NA,NA
2019Q2,2019-04-01,baseline_ipom,Baseline IPoM identificado,1,2.19335153,2.26235983,4.03707483,3.4549164,0.582158427,-0.0690083,2.87666667,3.71402515,2.89333333,1.16010731,2.14704323,5.3465393,3.04944388,453.449386,93.1763431,-7.06763228,410.461773,103.391723,59.7833334,2.77326802,-14.7330639,-13.4898802,15.1830159,2.39666667,2.33333333,NA,NA,NA,NA,NA,NA,NA,NA,NA,NA,NA,NA
2019Q3,2019-07-01,baseline_ipom,Baseline IPoM identificado,1,2.18310736,2.25769909,2.34022401,1.28484065,1.05538336,-0.07459173,2.35333333,3.66061531,2.28,0.412012098,2.43160025,-1.47676496,3.11809252,454.918797,94.5555952,-5.59822164,404.253458,97.7524756,56.3699997,2.62985122,-23.0418632,-6.85924809,15.9601563,2.19,1.79666667,NA,NA,NA,NA,NA,NA,NA,NA,NA,NA,NA,NA
2019Q4,2019-10-01,baseline_ipom,Baseline IPoM identificado,1,2.71063504,2.3664092,3.87170996,1.70628888,2.16542107,0.34422584,1.81333333,3.62564689,2.13333333,-3.9564692,-3.02535848,-16.7537373,3.02961882,460.844226,100.327743,0.327207608,404.588919,98.6025914,56.9566669,2.67093199,-5.68241294,-6.66312775,13.9857813,1.64333333,1.79333333,NA,NA,NA,NA,NA,NA,NA,NA,NA,NA,NA,NA
2020Q1,2020-01-01,baseline_ipom,Baseline IPoM identificado,1,3.63000913,2.4363799,4.27102773,3.29947366,0.971554077,1.19362923,1.62666667,3.59722222,2.55,-2.11819772,-0.970386177,9.00241821,-2.54584716,465.839968,105.467166,5.32294924,382.33375,93.9002816,45.7566666,2.55742992,-20.2050315,-11.9498576,31.2245161,1.26,1.37666667,NA,NA,NA,NA,NA,NA,NA,NA,NA,NA,NA,NA
2020Q2,2020-04-01,baseline_ipom,Baseline IPoM identificado,1,2.89157803,2.57151354,1.0833504,3.99545096,-2.91210056,0.32006449,0.5,3.57777778,2.74,-16.0850718,-17.2182004,-59.6447177,-5.4659898,464.072946,103.619907,3.55592723,333.50822,89.4764334,27.8066665,2.42288246,-76.9535525,-13.9152894,34.4936508,0.06,0.686666667,NA,NA,NA,NA,NA,NA,NA,NA,NA,NA,NA,NA
2020Q3,2020-07-01,baseline_ipom,Baseline IPoM identificado,1,2.64190137,2.63842617,1.3415174,1.55249116,-0.210973757,0.0034752,0.5,3.55833333,2.6,-10.9330249,-11.6689195,20.7203587,-0.188662796,461.804988,101.296299,1.28796956,370.940732,108.291528,40.893333,2.95788653,-33.3127261,10.5390523,25.8089062,0.0933333333,0.65,NA,NA,NA,NA,NA,NA,NA,NA,NA,NA,NA,NA
2020Q4,2020-10-01,baseline_ipom,Baseline IPoM identificado,1,2.84493533,3.08828903,4.68384578,3.50574035,1.17810544,-0.2433537,0.5,3.53888889,2.51,-3.71253642,0.0433201592,30.0952214,1.26601945,461.548184,101.0365,1.03116518,373.96577,117.114354,42.4533335,3.2540204,-30.6231488,18.5117624,25.6217187,0.09,0.863333333,NA,NA,NA,NA,NA,NA,NA,NA,NA,NA,NA,NA
2021Q1,2021-01-01,baseline_ipom,Baseline IPoM identificado,1,2.90456588,3.13355494,4.50954994,3.4805373,1.02901264,-0.22898906,0.5,3.51944444,2.32666667,-0.477,2.19830413,17.6223541,7.64455867,458.679675,98.1794327,-1.83734338,403.796696,132.814771,57.79,3.84585714,21.4629457,38.9144894,23.202459,0.08,1.31666667,NA,NA,NA,NA,NA,NA,NA,NA,NA,NA,NA,NA
2021Q2,2021-04-01,baseline_ipom,Baseline IPoM identificado,1,3.52673564,3.17975238,3.57202943,4.18024071,-0.608211281,0.34698326,0.5,3.5,2.39,-0.696,18.0790762,3.87837056,11.0326852,458.695437,98.1949089,-1.82158189,415.410292,144.57626,66.0900005,4.40472195,81.9020711,55.0998267,18,0.07,1.59333333,NA,NA,NA,NA,NA,NA,NA,NA,NA,NA,NA,NA
2021Q3,2021-07-01,baseline_ipom,Baseline IPoM identificado,1,4.77113367,3.8478027,6.31910953,4.22469244,2.09441709,0.92333097,0.96,3.54166667,3.14666667,3.363,18.4410417,22.1682208,4.79088573,465.560906,105.173257,5.04388779,420.463675,139.441569,70.6233337,4.25093745,49.5229422,31.1500407,18.2873438,0.09,1.32333333,NA,NA,NA,NA,NA,NA,NA,NA,NA,NA,NA,NA
2021Q4,2021-10-01,baseline_ipom,Baseline IPoM identificado,1,6.42288575,4.61533313,11.2908541,6.57586207,4.71499203,1.80755262,2.82,3.58333333,3.82333333,4.15,12.8384893,7.68501156,4.14106366,470.710312,110.730921,10.1932938,427.53215,140.711553,77.4466668,4.39902779,53.5663801,23.5971994,19.2751562,0.08,1.53666667,NA,NA,NA,NA,NA,NA,NA,NA,NA,NA,NA,NA
2022Q1,2022-01-01,baseline_ipom,Baseline IPoM identificado,1,7.98239276,6.43489389,10.747578,10.7587803,-0.0112023635,1.54749887,5.11333333,3.625,4.23,3.089,8.03289179,-1.60003579,3.90533491,469.400047,109.289516,8.88302856,445.207158,141.44989,94.4533336,4.52914513,41.410462,8.63511885,25.3729032,0.12,1.94,NA,NA,NA,NA,NA,NA,NA,NA,NA,NA,NA,NA
2022Q2,2022-04-01,baseline_ipom,Baseline IPoM identificado,1,10.9025367,8.48820293,15.2526054,12.3934768,2.85912852,2.41433377,7.94333333,3.66666667,3.92666667,2.26,6.81693051,-0.985474557,2.1826861,470.015204,109.96389,9.4981853,456.952896,134.423879,108.723333,4.32112703,41.5426047,-10.1523811,27.3984375,0.77,2.93,NA,NA,NA,NA,NA,NA,NA,NA,NA,NA,NA,NA
2022Q3,2022-07-01,baseline_ipom,Baseline IPoM identificado,1,12.793453,9.81087301,13.8827747,9.51537277,4.36740191,2.98257999,9.91,3.70833333,3.83333333,1.819,1.47352679,0.794605934,3.41760658,474.007777,114.443102,13.4907586,440.218293,112.37052,93.183333,3.51166803,19.7546186,-27.0710488,24.7927273,2.19,3.10666667,NA,NA,NA,NA,NA,NA,NA,NA,NA,NA,NA,NA
2022Q4,2022-10-01,baseline_ipom,Baseline IPoM identificado,1,12.2008375,9.81525282,8.92039185,6.59338133,2.32701052,2.38558468,11.19,3.75,4.56,-0.166,-1.82128462,-5.49423405,2.32350826,468.930711,108.777783,8.41369286,427.348133,114.687573,82.7866667,3.63155677,-0.184016752,-26.0239806,25.0026563,3.65333333,3.83,NA,NA,NA,NA,NA,NA,NA,NA,NA,NA,NA,NA
2023Q1,2023-01-01,baseline_ipom,Baseline IPoM identificado,1,11.2450371,9.49650285,6.92437645,9.48378047,-2.55940402,1.74853425,11.25,3.8125,4.41666667,0.864,0.00438362005,5.70263716,3.61027835,458.26791,97.7759953,-2.24910864,417.999023,124.714544,76.0766666,4.05072879,-27.2081349,-16.7353464,20.6840625,4.51666667,3.64666667,NA,NA,NA,NA,NA,NA,NA,NA,NA,NA,NA,NA
2023Q2,2023-04-01,baseline_ipom,Baseline IPoM identificado,1,8.33346377,8.35957515,3.60631209,7.84576605,-4.23945396,-0.02611138,11.25,3.875,4.43333333,0.031,0.204519824,-0.184929742,4.22467494,455.360141,94.9738329,-5.15687713,414.189603,118.802799,73.7600002,3.8456727,-42.7632936,-15.6210805,16.44125,4.99,3.59333333,NA,NA,NA,NA,NA,NA,NA,NA,NA,NA,NA,NA
2023Q3,2023-07-01,baseline_ipom,Baseline IPoM identificado,1,5.09084822,6.35519721,0.912312513,1.49786101,-0.585548497,-1.26434899,10.3566667,3.9375,4.24666667,-0.153,0.422435423,1.66626833,3.27470447,459.735939,99.2219629,-0.78107982,424.290528,116.500404,82.2966673,3.79024011,-15.9277656,4.12988411,15.0132308,5.26,4.15,NA,NA,NA,NA,NA,NA,NA,NA,NA,NA,NA,NA
2023Q4,2023-10-01,baseline_ipom,Baseline IPoM identificado,1,3.93411555,5.01190378,4.29346116,1.22020758,3.07325358,-1.07778823,9.05666667,4,5.25333333,-0.206,2.45400717,2.63205295,3.45988226,463.364816,102.888735,2.84779738,418.734259,113.522092,78.4099995,3.70554295,-8.61387372,-1.16548066,15.28625,5.33,4.44,NA,NA,NA,NA,NA,NA,NA,NA,NA,NA,NA,NA
2024Q1,2024-01-01,baseline_ipom,Baseline IPoM identificado,1,3.28223579,3.96275857,4.3168574,5.28719965,-0.970342252,-0.68052278,7.58333333,4,5.00333333,0.341,2.2343415,4.82397446,3.26412118,467.758634,107.510266,7.24161551,416.737202,115.917773,77.5599999,3.82997218,-1.26182045,-8.79677022,13.7125397,5.33,4.16,NA,NA,NA,NA,NA,NA,NA,NA,NA,NA,NA,NA
2024Q2,2024-04-01,baseline_ipom,Baseline IPoM identificado,1,3.49857649,3.33868579,4.47167489,5.34947492,-0.877800034,0.1598907,6.28,4,4.92333333,-0.909,1.6898227,-2.36300494,3.28542582,465.424295,105.029677,4.90727604,421.288013,129.649012,81.7133332,4.4230397,7.09841059,10.8462136,13.9803077,5.33,4.44333333,NA,NA,NA,NA,NA,NA,NA,NA,NA,NA,NA,NA
2024Q3,2024-07-01,baseline_ipom,Baseline IPoM identificado,1,4.23177954,3.56765226,3.84512471,2.41372689,1.43139782,0.66412728,5.67666667,4,4.4,-0.445,2.39782039,4.49825909,3.46855333,464.952885,104.535722,4.43586591,414.023182,123.542968,76.2399999,4.17487375,-10.2673454,7.04256406,17.0666667,5.26333333,3.94666667,NA,NA,NA,NA,NA,NA,NA,NA,NA,NA,NA,NA
2024Q4,2024-10-01,baseline_ipom,Baseline IPoM identificado,1,4.37225221,4.11691136,4.85535184,3.41724397,1.43810788,0.25534085,5.26666667,4,4.32,-0.141,2.64944281,3.63854264,3.60258968,466.209001,105.857094,5.69198223,405.67806,122.476181,70.6866669,4.1630092,-13.0561997,8.95408908,17.3632308,4.65,4.28333333,NA,NA,NA,NA,NA,NA,NA,NA,NA,NA,NA,NA
2025Q1,2025-01-01,baseline_ipom,Baseline IPoM identificado,1,4.73487333,3.8338556,5.76734187,4.15497661,1.61236526,0.90101773,5,4,4.24,0.69,3.01845503,6.30002334,3.4881,465.034163,104.620721,4.51714446,406.383982,123.383416,71.8366665,4.2392627,-10.35322,7.465643,18.5211111,4.33,4.45333333,NA,NA,NA,NA,NA,NA,NA,NA,NA,NA,NA,NA
2025Q2,2025-04-01,baseline_ipom,Baseline IPoM identificado,1,4.26763127,3.56746339,2.60270665,4.28390609,-1.68119944,0.70016788,5,4,4.18333333,-0.072,3.50947166,-0.398938422,3.274572,464.399222,103.958546,3.88220299,395.397775,124.8038,64.6266665,4.3175468,-25.8902382,-4.84521246,23.5614063,4.33,4.36,NA,NA,NA,NA,NA,NA,NA,NA,NA,NA,NA,NA
2025Q3,2025-07-01,baseline_ipom,Baseline IPoM identificado,1,4.14283358,3.86041501,3.34593397,3.58553339,-0.239599423,0.28241857,4.82666667,4,4.28,-0.265,2.87751912,1.97044891,2.980154,466.12302,105.766116,5.60600184,396.340107,126.878201,65.7366665,4.44170272,-17.6830748,3.33523312,15.9830303,4.29333333,4.25666667,NA,NA,NA,NA,NA,NA,NA,NA,NA,NA,NA,NA
2025Q4,2025-10-01,baseline_ipom,Baseline IPoM identificado,1,3.38676573,3.3357516,1.83108041,1.3185903,0.512490109,0.05101413,4.71333333,4,4.22333333,-0.297,2.55545295,2.35027797,2.86465,463.793033,103.330267,3.27601462,385.894347,138.702465,59.6400001,5.03497052,-19.7837128,16.2262837,17.7452308,3.89666667,4.09666667,NA,NA,NA,NA,NA,NA,NA,NA,NA,NA,NA,NA
2026Q1,2026-01-01,baseline_ipom,Baseline IPoM identificado,1,2.55732078,3.32597179,2.44955912,4.11585518,-1.66629606,-0.768651015,4.5,4,4.2,-0.385,0.988392088,0.031808352,2.7,464.9187,104.499993,2.42141867,418.341527,142.115845,83.1504435,5.25087494,11.9575449,18.7324284,24,3.6,4.25,-2.00218222e-13,0.435673291,-0.4122457,0.038692334,-0.040498932,30.8457173,5.04510025,6.58691112,-0.280800003,0.162999997,-0.207401651,1.64396767
2026Q2,2026-04-01,baseline_ipom,Baseline IPoM identificado,1,3.89976154,3.30546272,7.97247104,4.20187171,3.77059933,0.594298818,4.53,4,4.2,-0.361,1.93034659,3.36885802,2.7,463.9572,103.50004,1.45991867,424.689559,145.628541,89.0397159,5.46559142,29.2917837,20.8247409,22,3.6,4.5,-2.13992823e-13,-0.032542734,0.273355301,0.151539983,0.185774938,14.536208,5.99776125,1.11983,0.004,0.275,-0.094758,0.00706746863
2026Q3,2026-07-01,baseline_ipom,Baseline IPoM identificado,1,3.84540822,3.21341283,3.12851871,3.21733242,-0.0888137026,0.63199539,4.75,4,4.2,-0.439,2.31958884,3.52740897,2.7,463.4729,103.000001,0.975618672,422.945187,146.517593,87.934257,5.54176763,26.6050794,19.6393915,21,3.6,4.55,-7.4001863e-9,0.557926829,-0.720955276,0.100252633,0.209892131,8.35906875,4.25229125,1.22845,0.004,0.1,-0.094758,0.0996674686
2026Q4,2026-10-01,baseline_ipom,Baseline IPoM identificado,1,3.96302447,3.20208175,2.30154899,1.2732677,1.02828129,0.760942713,4.56,4,4.2,-0.498,2.21860592,1.94634832,2.7,463.16904,102.6875,0.671758672,420.25477,144.614503,86.0248268,5.46428494,34.3604231,5.91203844,19,3.6,4.65,-2.22406092e-13,-0.0287067007,-0.23499034,0.158899134,0.00110370257,6.88672927,1.68241225,-0.21724,0.004,0.155,-0.094758,0.0863874686
2027Q1,2027-01-01,baseline_ipom,Baseline IPoM identificado,1,3.91601344,3.22745288,2.26151501,4.21733968,-1.95582468,0.68856056,4.32,4,4.1,-0.516,2.50262154,1.16787087,2.9,462.742079,102.249999,0.244797672,410.462059,139.408653,78.3871087,5.21284319,-7.87946857,-2.70719122,18.5,3.4,4.63,9.99982294e-9,0.556183991,-0.9622673,0.153976528,-0.0982812173,-1.02729044,-2.09612025,0.39138,-0.196,0.045,0.105242,-0.158257531
2027Q2,2027-04-01,baseline_ipom,Baseline IPoM identificado,1,2.71199082,3.22009398,3.15638057,4.17243611,-1.01605554,-0.508103157,4.25,4,4.1,-0.482,2.4711149,3.24283144,2.9,462.4973,102.000019,1.86715729e-5,406.311233,137.463006,75.5732123,5.13777248,-18.3783254,-8.16553408,18,3.4,4.55,-1.9722056e-13,-0.0240761967,0.776303496,0.125969824,0.0588253496,1.66003572,-0.13737975,0.168535,-0.004,-0.017,-0.031586,-0.146859931
2027Q3,2027-07-01,baseline_ipom,Baseline IPoM identificado,1,2.52963328,2.95646274,2.39908853,2.16280749,0.236281037,-0.42682947,4.25,4,4.1,-0.425,2.00869006,1.67770962,2.9,462,101.494032,-0.497281328,403.257106,135.991038,73.6637832,5.08782581,-19.6880812,-10.5265542,17.25,3.4,4.37,2.99976216e-9,-0.226760687,-0.0668757155,0.0830706347,0.115002516,1.50438901,-0.1501125,-0.30431,-0.004,-0.125,-0.031586,-0.497292531
2027Q4,2027-10-01,baseline_ipom,Baseline IPoM identificado,1,2.76355949,2.96452063,3.23725383,1.30549923,1.9317546,-0.200961142,4.25,4,4.1,-0.373,1.92760181,1.6219953,2.9,462,101.494032,-0.497281328,401.526609,135.002927,72.7593162,5.06280225,-18.7281611,-9.61157626,17,3.4,4.2,-2.29654265e-13,0.286135643,0.956526666,0.0263397625,0.0970326956,1.90655835,-0.0342474996,-0.1385775,-0.004,-0.133,-0.031586,-0.198912531
2028Q1,2028-01-01,baseline_ipom,Baseline IPoM identificado,1,2.76517543,2.79727826,2.26797878,3.54837022,-1.28039144,-0.0321028349,4.1855631,4,4.17048441,-0.347221478,2.05886179,1.6929108,2.931586,462.198913,101.696117,-0.298368797,398.411662,134.296091,NA,NA,NA,NA,17,3.404,4.18,0,0,0,0,0,0,0,0,0,0,0,0
2028Q2,2028-04-01,baseline_ipom,Baseline IPoM identificado,1,2.80977772,2.8218634,3.33478973,4.27077667,-0.935986936,-0.0120856838,4.12093489,4,4.17021539,-0.31502886,1.70856097,1.84162817,2.95319525,462.31826,101.817562,-0.179021278,396.236525,133.765964,NA,NA,NA,NA,17,3.40784,4.162,0,0,0,0,0,0,0,0,0,0,0,0
2028Q3,2028-07-01,baseline_ipom,Baseline IPoM identificado,1,3.00136805,2.97324974,3.16544984,2.76835285,0.397096992,0.0281183042,4.10119712,4,4.12833582,-0.278418084,1.77549444,1.94544349,2.967979,462.389869,101.890498,-0.107412767,394.717649,133.368369,NA,NA,NA,NA,17,3.4115264,4.1458,0,0,0,0,0,0,0,0,0,0,0,0
2028Q4,2028-10-01,baseline_ipom,Baseline IPoM identificado,1,2.80822336,3.03976183,2.4646751,1.57154759,0.893127507,-0.231538469,4.08094762,4,4.11945385,-0.24338088,1.86985789,1.99944908,2.97809315,462.432834,101.934285,-0.0644476602,393.657034,133.070173,NA,NA,NA,NA,17,3.41506534,4.13122,0,0,0,0,0,0,0,0,0,0,0,0
2029Q1,2029-01-01,baseline_ipom,Baseline IPoM identificado,1,2.96351484,3.10018894,2.88914467,3.79007864,-0.900933967,-0.136674101,4.03921478,4,4.09385345,-0.211163877,1.95422474,2.0303782,2.98501265,462.458613,101.960566,-0.0386685961,392.916416,132.846526,NA,NA,NA,NA,17,3.41846273,4.118098,0,0,0,0,0,0,0,0,0,0,0,0
2029Q2,2029-04-01,baseline_ipom,Baseline IPoM identificado,1,3.04551336,3.10994798,3.66278383,4.30981286,-0.647029026,-0.0644346233,4.00572936,4,4.06973597,-0.18008126,2.0076646,2.0553876,2.98974655,462.47408,101.976338,-0.0232011577,392.39925,132.67879,NA,NA,NA,NA,17,3.42172422,4.1062882,0,0,0,0,0,0,0,0,0,0,0,0
2029Q3,2029-07-01,baseline_ipom,Baseline IPoM identificado,1,3.08348405,3.07823246,3.31733259,2.64149075,0.675841841,0.00525158887,3.98650764,4,4.05997728,-0.15090698,2.038413,2.06843711,2.99298521,462.483361,101.985802,-0.0139206946,392.038119,132.552989,NA,NA,NA,NA,17,3.42485525,4.09565938,0,0,0,0,0,0,0,0,0,0,0,0
2029Q4,2029-10-01,baseline_ipom,Baseline IPoM identificado,1,3.09116583,2.99994697,2.49540222,1.25840563,1.23699659,0.0912188593,3.9494368,4,4.05840916,-0.124721051,2.05629116,2.07096171,2.9952009,462.488929,101.991481,-0.00835241676,391.785944,132.458638,NA,NA,NA,NA,17,3.42786104,4.08609344,0,0,0,0,0,0,0,0,0,0,0,0
2000Q1,2000-01-01,escenario_alternativo,Escenario alternativo,4,NA,NA,NA,NA,NA,NA,8.21445825,7.9758093,8.16333333,-0.0712480368,NA,NA,4.38096613,441.939021,83.0456295,-18.5779975,378.092257,21.4045831,28.8233333,0.814084187,NA,NA,23.1503175,5.67666667,6.48,NA,NA,NA,NA,NA,NA,NA,NA,NA,NA,NA,NA
2000Q2,2000-04-01,escenario_alternativo,Escenario alternativo,4,NA,NA,5.47748624,5.98965307,-0.512166825,NA,8.5,7.9758093,8.04333333,-1.11311086,NA,1.18662668,4.7121249,441.840373,82.9637471,-18.6766458,377.149423,17.4798928,28.7766666,0.788888385,NA,NA,24.9239683,6.27333333,6.17666667,NA,NA,NA,NA,NA,NA,NA,NA,NA,NA,NA,NA
2000Q3,2000-07-01,escenario_alternativo,Escenario alternativo,4,NA,NA,2.95957751,1.67588776,1.28368975,NA,8.31060606,7.9758093,7.62666667,-0.93792116699999994,NA,6.05494918,4.22981529,448.162163,88.3778727,-12.3548555,385.64112,23.9225855,31.6133333,0.849076174,NA,NA,19.1690476,6.52,5.89333333,NA,NA,NA,NA,NA,NA,NA,NA,NA,NA,NA,NA
2000Q4,2000-10-01,escenario_alternativo,Escenario alternativo,4,NA,NA,5.40190645,2.36710885,3.0347976,NA,8,7.9758093,6.94,-1.07124308,NA,4.82065944,3.67618786,449.633828,89.6881165,-10.8831907,386.115178,21.9327799,31.99,0.838282077,NA,NA,26.0166667,6.47333333,5.56666667,NA,NA,NA,NA,NA,NA,NA,NA,NA,NA,NA,NA
2001Q1,2001-01-01,escenario_alternativo,Escenario alternativo,4,3.92547913,3.28156796,1.86294633,3.09362215,-1.23067582,0.64391117,7.54090909,6.8758093,6.91,-1.69079145,3.73454272,2.87593559,3.51060587,449.766993,89.8076293,-10.7500256,374.71621,16.3230926,28.8166668,0.800133055,-3.37604732,-5.08149048,25.7264516,5.59333333,5.05,NA,NA,NA,NA,NA,NA,NA,NA,NA,NA,NA,NA
2001Q2,2001-04-01,escenario_alternativo,Escenario alternativo,4,3.54725257,2.71438703,3.96457998,3.72092935,0.243650629,0.83286554,6.72666667,6.8758093,6.20666667,-2.05442838,4.41278115,3.89958038,2.47811631,452.158864,91.9816076,-8.35815469,370.808669,9.04235444,27.9066667,0.749163869,-6.34075452,-8.43753834,23.9238095,4.32666667,5.27,NA,NA,NA,NA,NA,NA,NA,NA,NA,NA,NA,NA
2001Q3,2001-07-01,escenario_alternativo,Escenario alternativo,4,3.56649483,3.03980777,3.03654657,2.97757075,0.0589758254,0.52668706,6.5,6.8758093,6.7,-3.74152429,2.55048041,-1.39425378,1.51306996,460.707715,100.190878,0.190696469,365.981667,-2.75308008,26.6666667,0.667688772,-19.6594533,-26.6756656,25.380339,3.49666667,4.98,NA,NA,NA,NA,NA,NA,NA,NA,NA,NA,NA,NA
2001Q4,2001-10-01,escenario_alternativo,Escenario alternativo,4,2.98817487,3.46177231,3.0886266,4.05496702,-0.966340414,-0.47359744,6.5,6.8758093,6.68666667,-4.31224155,2.11308218,3.07106652,0.852112903,461.536136,101.024328,1.01911769,339.268812,-5.88117847,20.4000001,0.646640358,-46.8463665,-27.8139584,27.91,2.13333333,4.77,NA,NA,NA,NA,NA,NA,NA,NA,NA,NA,NA,NA
2002Q1,2002-01-01,escenario_alternativo,Escenario alternativo,4,2.4096193,3.5312684,-0.451275971,3.3716065,-3.82288247,-1.1216491,5.68,6.7758093,6.64666667,-4.63150859,2.41335473,4.0770258,1.51921277,454.442768,94.1065527,-6.07425094,344.927915,2.61228132,21.6566667,0.706209744,-29.7882948,-13.7108113,21.3608333,1.73333333,5.07666667,NA,NA,NA,NA,NA,NA,NA,NA,NA,NA,NA,NA
2002Q2,2002-04-01,escenario_alternativo,Escenario alternativo,4,2.16417724,3.49006309,2.98281174,3.55610812,-0.573296383,-1.32588585,4.32666667,6.76043061,5.48,-5.09390629,2.31461486,3.50462092,2.19748187,452.93067,92.6942739,-7.58634881,363.367333,5.25550777,26.2466666,0.730826454,-7.44133571,-3.78684667,21.643125,1.75,5.1,NA,NA,NA,NA,NA,NA,NA,NA,NA,NA,NA,NA
2002Q3,2002-07-01,escenario_alternativo,Escenario alternativo,4,2.3281682,3.02974582,3.69251045,1.13630164,2.5562088,-0.70157762,3.20333333,6.72911046,5.36,-5.21209116,3.88347362,4.88118125,3.22193928,460.443017,99.9260258,-0.074001938,370.503669,-1.37699078,28.3399999,0.687610753,4.52200238,1.3760893,35.0684375,1.74,4.26,NA,NA,NA,NA,NA,NA,NA,NA,NA,NA,NA,NA
2002Q4,2002-10-01,escenario_alternativo,Escenario alternativo,4,2.91889847,2.82163752,5.45154766,3.22253381,2.22901385,0.09726095,3,6.70589976,4.65333333,-5.2840184,4.38230778,5.06640315,3.41712694,461.212334,100.697738,0.695315006,369.478099,0.509641904,28.2166667,0.704848952,30.2092874,6.39082037,30.7267187,1.44333333,4.00666667,NA,NA,NA,NA,NA,NA,NA,NA,NA,NA,NA,NA
2003Q1,2003-01-01,escenario_alternativo,Escenario alternativo,4,3.71517292,2.64593572,2.73382183,2.66879932,0.0650225101,1.0692372,2.77333333,6.63716417,5.5,-5.33281126,4.65277141,5.15888033,2.88105841,467.857359,107.616458,7.34034039,387.383566,6.30017399,34.0966666,0.754549578,42.4556512,3.68789266,30.022623,1.25,3.92,NA,NA,NA,NA,NA,NA,NA,NA,NA,NA,NA,NA
2003Q2,2003-04-01,escenario_alternativo,Escenario alternativo,4,3.64827466,2.86720772,2.71521869,4.44119609,-1.7259774,0.78106694,2.75,6.57297439,5.24333333,-5.35503553,5.0929129,5.26518686,2.12890088,467.268297,106.984394,6.75127861,371.287938,5.08808067,28.9800001,0.744239318,7.92060445,-0.167427099,21.5312698,1.24666667,3.62,NA,NA,NA,NA,NA,NA,NA,NA,NA,NA,NA,NA
2003Q3,2003-07-01,escenario_alternativo,Escenario alternativo,4,2.68251739,2.54414825,-0.170518615,-0.155936226,-0.014582389,0.13836914,2.75,6.51384914,5.07333333,-5.96546359,4.6007373,2.91247887,2.66981652,465.441562,105.047814,4.92454332,374.711909,10.9770391,30.2133333,0.795276543,4.20823977,12.3540299,19.3201563,1.01666667,4.23333333,NA,NA,NA,NA,NA,NA,NA,NA,NA,NA,NA,NA
2003Q4,2003-10-01,escenario_alternativo,Escenario alternativo,4,1.03440004,2.27596507,-1.14092176,2.1498011,-3.29072286,-1.24156503,2.65,6.4532337,4.87666667,-6.43542509,4.20268066,3.47417658,3.17513655,458.053272,97.5663559,-2.46374633,377.525193,26.676397,31.1933332,0.933995586,8.04709444,26.1667551,17.4271875,0.996666667,4.28666667,NA,NA,NA,NA,NA,NA,NA,NA,NA,NA,NA,NA
2004Q1,2004-01-01,escenario_alternativo,Escenario alternativo,4,-0.00329199543,1.7560093,-1.4169463,0.588976249,-2.00592255,-1.7593013,1.79,6.38301909,5.05333333,-5.59128462,5.09561983,8.73063702,4.32908008,454.906806,94.5442577,-5.61021261,388.899174,54.0598494,35.2466668,1.23859506,1.5156075,47.7596754,16.6580645,1.00333333,4.02,NA,NA,NA,NA,NA,NA,NA,NA,NA,NA,NA,NA
2004Q2,2004-04-01,escenario_alternativo,Escenario alternativo,4,0.458271681,1.15108946,4.56147339,2.0215167,2.5399567,-0.692817779,1.75,6.31230112,3.58333333,-5.00208842,5.70705981,7.71094676,5.03939,461.459635,100.947073,0.942616287,396.563717,55.4162198,38.3533333,1.2653724,25.2757796,50.3281391,16.2112698,1.01,4.6,NA,NA,NA,NA,NA,NA,NA,NA,NA,NA,NA,NA
2004Q3,2004-07-01,escenario_alternativo,Escenario alternativo,4,1.46766806,1.52256705,3.86706692,1.32997417,2.53709275,-0.05489899,1.81333333,6.23431592,3.92666667,-3.67998791,7.63952749,10.6423496,4.56424806,462.397942,101.898724,1.8809236,409.374535,56.9140213,43.8733335,1.29265929,34.6626257,45.9369823,15.4421875,1.43333333,4.30333333,NA,NA,NA,NA,NA,NA,NA,NA,NA,NA,NA,NA
2004Q4,2004-10-01,escenario_alternativo,Escenario alternativo,4,2.24640591,1.04541218,1.97402965,0.241181589,1.73284806,1.20099373,2.13333333,6.15564958,3.86,-3.04752699,8.74196152,7.88391273,4.11439902,459.886604,99.3715683,-0.630414731,417.918991,64.0514317,48.3000002,1.40320088,40.3937971,37.3750347,13.6514063,1.95,4.17333333,NA,NA,NA,NA,NA,NA,NA,NA,NA,NA,NA,NA
2005Q1,2005-01-01,escenario_alternativo,Escenario alternativo,4,2.26538595,1.39197116,-1.34102615,1.97521219,-3.31623834,0.87341479,2.60666667,6.07548739,4.29666667,-3.53524484,7.41013035,3.40331233,4.16407561,459.305108,98.7954035,-1.21191059,420.326189,69.028124,49.7266665,1.48224924,31.4270157,14.9682746,12.7870492,2.47,4.29666667,NA,NA,NA,NA,NA,NA,NA,NA,NA,NA,NA,NA
2005Q2,2005-04-01,escenario_alternativo,Escenario alternativo,4,2.72674711,1.95831802,6.40691804,4.28690412,2.12001392,0.76842909,3.11,5.9995595,4.26666667,-2.40512604,7.95100514,9.8744459,4.15575363,459.511849,98.9998653,-1.00516993,426.128305,72.0038092,53.0533332,1.53733859,29.5645881,16.5875894,13.4073438,2.94333333,4.16,NA,NA,NA,NA,NA,NA,NA,NA,NA,NA,NA,NA
2005Q3,2005-07-01,escenario_alternativo,Escenario alternativo,4,3.27311571,2.36383579,6.05254131,2.95204527,3.10049604,0.90927992,3.66,5.93427191,4.15,-1.84100514,7.19308762,7.61067951,3.4358152,454.152595,93.8338767,-6.36442334,442.115143,80.7920823,63.1933335,1.70398258,32.7406079,23.8780609,12.2507812,3.46,4.21333333,NA,NA,NA,NA,NA,NA,NA,NA,NA,NA,NA,NA
2005Q4,2005-10-01,escenario_alternativo,Escenario alternativo,4,3.75074579,2.8544458,3.88454995,2.2036216,1.68092834,0.89629999,4.36666667,5.88905699,4.99666667,-1.71751741,6.68411538,5.84802376,3.82050193,448.575298,88.7437479,-11.941721,435.995964,93.4194504,59.9966668,1.95135474,18.0769732,29.3680187,12.781746,3.98,4.49,NA,NA,NA,NA,NA,NA,NA,NA,NA,NA,NA,NA
2006Q1,2006-01-01,escenario_alternativo,Escenario alternativo,4,3.98162168,2.87238684,-0.417522568,2.04697637,-2.46449894,1.10923484,4.63666667,5.83294702,5.28,-1.81148928,7.07782836,4.97816425,4.74784436,449.507329,89.5747337,-11.0096901,440.788797,106.726759,63.2700001,2.2407058,20.4626076,37.6986351,12.0424194,4.45666667,4.57,NA,NA,NA,NA,NA,NA,NA,NA,NA,NA,NA,NA
2006Q2,2006-04-01,escenario_alternativo,Escenario alternativo,4,3.74051326,3.05348351,5.44248436,5.01129079,0.43119357,0.68702975,4.96,5.78161811,5.13,-0.902005395,6.85722951,8.99205051,4.35944308,451.08158,90.9960228,-9.43543896,450.582839,143.647375,70.4099997,3.27062355,24.4545341,71.6435656,14.5287302,4.90666667,5.07,NA,NA,NA,NA,NA,NA,NA,NA,NA,NA,NA,NA
2006Q3,2006-07-01,escenario_alternativo,Escenario alternativo,4,3.42034924,2.92122581,4.77188523,2.42301448,2.34887075,0.49912343,5.21333333,5.72484036,5.07,-0.663424023,6.53163022,6.30828236,4.34921651,454.011819,93.7018741,-6.50520002,449.652714,148.887291,70.4166666,3.47910733,7.53757147,68.0952085,13.6079365,5.24666667,4.89666667,NA,NA,NA,NA,NA,NA,NA,NA,NA,NA,NA,NA
2006Q4,2006-10-01,escenario_alternativo,Escenario alternativo,4,2.19961803,2.77798555,-0.99837491,1.63066056,-2.62903547,-0.57836752,5.25,5.66629932,5.12666667,0.0795897126,7.15117456,8.32620112,4.7800048,452.661503,92.445107,-7.85551563,434.016292,141.127086,59.9766667,3.20612659,-1.97967183,47.7076355,11.0349206,5.24666667,4.63,NA,NA,NA,NA,NA,NA,NA,NA,NA,NA,NA,NA
2007Q1,2007-01-01,escenario_alternativo,Escenario alternativo,4,2.64289187,2.93346414,1.35557281,2.66889074,-1.31331793,-0.29057227,5.03,5.61382171,4.78333333,-0.460768312,6.70479802,3.19265808,4.86833916,455.383416,94.9959406,-5.13360221,429.821509,122.641198,58.0766666,2.69112916,-10.9672878,15.914439,12.5636066,5.25666667,4.68,NA,NA,NA,NA,NA,NA,NA,NA,NA,NA,NA,NA
2007Q2,2007-04-01,escenario_alternativo,Escenario alternativo,4,2.80901949,2.90434968,6.10699485,4.89483294,1.21216191,-0.09533019,5,5.56607922,4.52,-0.318980143,5.81830179,5.44606561,5.3932981,455.257481,94.8763827,-5.25953736,439.921746,146.823794,64.9766666,3.4661647,-10.6610933,3.17641865,13.7319048,5.25,4.84666667,NA,NA,NA,NA,NA,NA,NA,NA,NA,NA,NA,NA
2007Q3,2007-07-01,escenario_alternativo,Escenario alternativo,4,4.64060851,3.97685272,12.0982413,6.71302664,5.38521464,0.66375579,5.39666667,5.51515003,4.32333333,-0.747776578,5.03220304,3.16388734,5.1795683,453.624838,93.3399663,-6.89218046,454.257011,147.112738,75.4666663,3.4981992,4.60429729,-1.77455237,21.5892063,5.07333333,4.73,NA,NA,NA,NA,NA,NA,NA,NA,NA,NA,NA,NA
2007Q4,2007-10-01,escenario_alternativo,Escenario alternativo,4,6.94453432,4.89447606,8.21732834,5.30115392,2.91617442,2.05005826,5.79333333,5.46080447,4.77333333,0.957732617,5.87592605,11.7010932,5.07184466,452.372288,92.1781281,-8.14473076,471.483247,138.849849,90.7533338,3.26027396,37.4669546,-2.27723644,22.0298438,4.49666667,4.26,NA,NA,NA,NA,NA,NA,NA,NA,NA,NA,NA,NA
2008Q1,2008-01-01,escenario_alternativo,Escenario alternativo,4,7.6701254,5.6943831,4.25793715,5.86851891,-1.61058176,1.9757423,6.22333333,5.40393326,4.85333333,2.14441063,7.48418867,9.62570856,4.34532702,447.137344,87.4767847,-13.3796749,478.023463,145.897832,97.9366665,3.53624242,48.201954,23.2566336,26.1201639,3.17666667,3.66333333,NA,NA,NA,NA,NA,NA,NA,NA,NA,NA,NA,NA
2008Q2,2008-04-01,escenario_alternativo,Escenario alternativo,4,8.44348779,6.63578002,9.20044441,8.66042061,0.540023798,1.80770777,6.36,5.39744526,4.59666667,1.96802874,6.92680558,3.21653324,4.00887791,451.995308,91.8312892,-8.52171067,500.289329,152.575133,123.953333,3.82961083,60.3675832,5.75133902,20.6729687,2.08666667,3.88666667,NA,NA,NA,NA,NA,NA,NA,NA,NA,NA,NA,NA
2008Q3,2008-07-01,escenario_alternativo,Escenario alternativo,4,8.88009426,6.71623806,13.8446671,7.0348588,6.80980834,2.1638562,7.57333333,5.33460329,4.64333333,0.961718122,6.11002912,-0.103218508,3.34553286,459.275424,98.7660814,-1.24159443,493.879526,141.57431,118.05,3.48356467,39.6225148,-5.53842858,25.0734375,1.94,3.86333333,NA,NA,NA,NA,NA,NA,NA,NA,NA,NA,NA,NA
2008Q4,2008-10-01,escenario_alternativo,Escenario alternativo,4,8.24111068,7.33262439,5.66139401,7.76669924,-2.10530523,0.90848629,8.25,5.27276285,5.91666667,-0.946443045,2.25712873,-3.71050836,-0.0570640051,467.12144,106.827395,6.60442173,425.725745,76.2539605,58.3466664,1.771248,-45.757501,-62.5958889,58.6046875,0.506666667,3.25333333,NA,NA,NA,NA,NA,NA,NA,NA,NA,NA,NA,NA
2009Q1,2009-01-01,escenario_alternativo,Escenario alternativo,4,4.72132697,6.89196819,-9.82119768,4.10589411,-13.9270918,-2.17064122,5.54666667,5.20095515,6.01,-2.50516441,-0.727519166,-2.31288303,-2.13781702,459.199639,98.6912599,-1.31737961,395.694027,63.9301392,42.9133335,1.55510599,-82.3294366,-81.9676924,45,0.183333333,2.73666667,NA,NA,NA,NA,NA,NA,NA,NA,NA,NA,NA,NA
2009Q2,2009-04-01,escenario_alternativo,Escenario alternativo,4,1.82460291,5.13936269,-2.38645184,1.64999859,-4.03645043,-3.31475978,1.44,5.13211336,4.58,-4.90645707,-2.71318003,-4.72611022,-1.68523639,455.813374,95.4052626,-4.70364462,427.742161,94.1576429,59.4400003,2.11514258,-72.5471688,-58.4174896,33.0157143,0.18,3.31333333,NA,NA,NA,NA,NA,NA,NA,NA,NA,NA,NA,NA
2009Q3,2009-07-01,escenario_alternativo,Escenario alternativo,4,-1.8442512,3.36283501,-0.830749297,-0.0712519072,-0.75949739,-5.20708621,0.526666667,5.07334573,4.76666667,-5.12246027,-1.68362332,4.01500834,-0.437290056,456.038257,95.6200542,-4.47876198,440.638051,116.133529,68.2033331,2.65766579,-53.2414748,-25.4407809,25.48625,0.156666667,3.51666667,NA,NA,NA,NA,NA,NA,NA,NA,NA,NA,NA,NA
2009Q4,2009-10-01,escenario_alternativo,Escenario alternativo,4,-3.05898526,1.45718946,0.802457753,0.144117051,0.658340701,-4.51617472,0.5,5.01761075,4.5,-5.24378712,0.342430579,4.39370723,3.11004445,453.506746,93.2298044,-7.0102721,450.761073,127.992288,76.0599997,3.01570806,25.0353279,51.7383276,23.071875,0.12,3.46,NA,NA,NA,NA,NA,NA,NA,NA,NA,NA,NA,NA
2010Q1,2010-01-01,escenario_alternativo,Escenario alternativo,4,-0.257737328,0.429554611,1.38379407,-0.00464529318,1.38843936,-0.687291939,0.5,4.95359289,4.53666667,-5.79767927,1.58651688,2.66346216,5.85058013,452.65907,92.4428578,-7.85794862,453.938493,136.253206,78.6400002,3.28060418,58.2444662,72.323067,20.1496721,0.133333333,3.71666667,NA,NA,NA,NA,NA,NA,NA,NA,NA,NA,NA,NA
2010Q2,2010-04-01,escenario_alternativo,Escenario alternativo,4,1.18917646,0.566115349,3.4012033,2.19624154,1.20496176,0.623061111,0.58,4.88426882,4.3,-3.5157818,6.26970682,14.0066495,5.85626755,453.689545,93.4003834,-6.82747388,452.88701,133.41208,77.7900002,3.18758504,25.1448491,39.2544372,26.3914286,0.193333333,3.49,NA,NA,NA,NA,NA,NA,NA,NA,NA,NA,NA,NA
2010Q3,2010-07-01,escenario_alternativo,Escenario alternativo,4,2.22464517,0.869672913,3.31112555,1.14297835,2.1681472,1.35497226,1.74666667,4.81711104,4.15,-2.38703603,7.61444365,9.39395566,5.52089353,451.214061,91.1166551,-9.30295762,450.336488,136.139642,76.0533335,3.28532766,9.69843644,20.0061128,24.2835938,0.186666667,2.78666667,NA,NA,NA,NA,NA,NA,NA,NA,NA,NA,NA,NA
2010Q4,2010-10-01,escenario_alternativo,Escenario alternativo,4,2.44139933,1.2259664,1.66947442,1.56929099,0.100183428,1.21543293,2.87666667,4.75307829,4.45333333,-1.73037864,8.3924249,7.50563224,4.89187836,448.257958,88.4625749,-12.2590604,460.765326,152.931865,85.0966665,3.91749827,10.0042528,24.9395766,19.3184375,0.186666667,2.86333333,NA,NA,NA,NA,NA,NA,NA,NA,NA,NA,NA,NA
2011Q1,2011-01-01,escenario_alternativo,Escenario alternativo,4,2.8757874,1.72400452,3.12134632,1.98750718,1.13383914,1.15178288,3.43666667,4.73769349,4.56666667,-0.599055767,10.077637,9.40431055,4.80730146,451.020603,90.9405531,-9.49641551,469.160328,162.979803,93.5366666,4.37780854,15.2218354,26.7265965,18.6148387,0.156666667,3.46,NA,NA,NA,NA,NA,NA,NA,NA,NA,NA,NA,NA
2011Q2,2011-04-01,escenario_alternativo,Escenario alternativo,4,3.25033387,1.97191359,4.89938918,3.18787785,1.71151133,1.27842028,4.74333333,4.72327264,4.26666667,0.00428376317,8.20785942,6.52753921,4.28052315,451.02265,90.9424146,-9.4943686,476.916896,156.53603,102.23,4.15127916,24.0298863,23.1239496,17.482381,0.0933333333,3.21,NA,NA,NA,NA,NA,NA,NA,NA,NA,NA,NA,NA
2011Q3,2011-07-01,escenario_alternativo,Escenario alternativo,4,3.06887448,2.07439468,2.58528801,1.55290271,1.03238529,0.9944798,5.25,4.70826742,4.39666667,0.398452726,7.28210137,5.69092345,3.64087555,451.235842,91.1365034,-9.28117658,463.210085,154.121052,89.7166668,4.07865072,12.873597,17.9814098,30.5835937,0.0833333333,2.42666667,NA,NA,NA,NA,NA,NA,NA,NA,NA,NA,NA,NA
2011Q4,2011-10-01,escenario_alternativo,Escenario alternativo,4,3.9342774,2.31291486,5.13108607,2.52337169,2.60771438,1.62136254,5.25,4.6890816299999996,4.66,1.08070464,7.11647265,6.8431174,3.32475236,455.728646,95.3244618,-4.78837266,467.440193,135.384649,94.0133335,3.3969609,6.67486661,-17.5472157,29.9395238,0.0733333333,2.04666667,NA,NA,NA,NA,NA,NA,NA,NA,NA,NA,NA,NA
2012Q1,2012-01-01,escenario_alternativo,Escenario alternativo,4,4.06474152,2.9061494,3.64320283,4.36044536,-0.717242532,1.15859212,5.03333333,4.66499113,4.49666667,2.32505474,7.03829997,9.09161982,3.25182495,451.35282,91.2431754,-9.16419906,475.888025,145.198971,102.876666,3.7683616,6.72769704,-17.7808315,18.2040323,0.103333333,2.03666667,NA,NA,NA,NA,NA,NA,NA,NA,NA,NA,NA,NA
2012Q2,2012-04-01,escenario_alternativo,Escenario alternativo,4,3.04991717,2.85639917,0.840091794,2.98887692,-2.14878512,0.193518,5,4.64350481,4.55333333,3.43228147,7.44603387,8.1584748,2.83764294,451.349049,91.2397347,-9.16796929,466.041741,139.531495,93.4266662,3.56824668,-10.8751545,-17.0045343,20.0357143,0.153333333,1.82333333,NA,NA,NA,NA,NA,NA,NA,NA,NA,NA,NA,NA
2012Q3,2012-07-01,escenario_alternativo,Escenario alternativo,4,2.60623236,2.74029923,0.810548741,1.08850295,-0.277954214,-0.13406687,5,4.61988667,4.52,3.48394012,7.00736856,3.93626223,2.90851124,448.454939,88.6370011,-12.0620797,464.247925,137.158197,92.1800004,3.50029031,1.0378397,-16.9628548,16.1926984,0.143333333,1.64333333,NA,NA,NA,NA,NA,NA,NA,NA,NA,NA,NA,NA
2012Q4,2012-10-01,escenario_alternativo,Escenario alternativo,4,2.15419672,2.69527002,3.32294352,2.34325486,0.979688662,-0.5410733,5,4.59752462,4.54,2.83229964,5.57734469,1.12302191,2.81271832,447.722055,87.9897693,-12.7949638,458.899071,138.953431,87.96,3.58739304,-8.54112172,3.56878167,16.7529032,0.16,1.70666667,NA,NA,NA,NA,NA,NA,NA,NA,NA,NA,NA,NA
2013Q1,2013-01-01,escenario_alternativo,Escenario alternativo,4,1.51725615,2.50177587,1.09544055,3.58646874,-2.49102818,-0.98451972,5,4.52892448,4.79666667,2.62529577,4.02982215,2.90152965,2.8958738,446.927505,87.2934167,-13.5895138,465.4967,138.7895,94.3366668,3.59591308,-10.3913253,-6.40947098,13.527,0.143333333,1.95,NA,NA,NA,NA,NA,NA,NA,NA,NA,NA,NA,NA
2013Q2,2013-04-01,escenario_alternativo,Escenario alternativo,4,1.65793396,2.69093079,1.40280301,3.7454966,-2.34269359,-1.03299683,5,4.50583527,4.51,2.58299394,2.68688404,2.78672238,3.26921863,448.451454,88.6339121,-12.0655647,465.355055,128.513294,94.0999997,3.24118964,-0.686686269,-11.0182015,14.8370313,0.116666667,1.99666667,NA,NA,NA,NA,NA,NA,NA,NA,NA,NA,NA,NA
2013Q3,2013-07-01,escenario_alternativo,Escenario alternativo,4,2.14853827,2.94483139,2.772966,2.10410536,0.668860645,-0.79629312,5,4.48413679,4.43333333,2.35763222,2.21641294,2.05437782,3.3964448800000002,451.552484,91.4255372,-8.96453454,476.575866,127.036967,105.843334,3.21096343,12.3279413,-10.1212293,14.2796875,0.0833333333,2.71,NA,NA,NA,NA,NA,NA,NA,NA,NA,NA,NA,NA
2013Q4,2013-10-01,escenario_alternativo,Escenario alternativo,4,2.31405337,3.33795798,3.9850039,3.91576124,0.0692426562,-1.02390461,4.68333333,4.45936493,4.5,2.00422059,2.32121557,1.54223242,3.59385555,452.95466,92.7165139,-7.56235846,467.835204,127.705115,97.3433332,3.24444193,8.93613311,-11.2483158,14.2328125,0.0866666667,2.74666667,NA,NA,NA,NA,NA,NA,NA,NA,NA,NA,NA,NA
2014Q1,2014-01-01,escenario_alternativo,Escenario alternativo,4,3.13821212,3.56683746,4.39207556,4.50198663,-0.109911076,-0.42862534,4.33666667,4.33002638,4.30120663,1.61202777,1.94260961,1.3871058,3.5990659,458.051421,97.56455,-2.46559754,468.645689,125.47184,98.7466667,3.19254741,3.14898919,-13.3176604,14.8288525,0.0733333333,2.76333333,NA,NA,NA,NA,NA,NA,NA,NA,NA,NA,NA,NA
2014Q2,2014-04-01,escenario_alternativo,Escenario alternativo,4,4.36489707,4.49618139,6.30954284,7.46287233,-1.15332948,-0.13128432,4,4.29839136,3.98914435,1.32117607,1.69405819,1.79251672,2.88456082,457.879529,97.3969884,-2.63748948,472.669154,121.305561,103.346667,3.07853275,7.31409865,-7.20773246,12.738254,0.0933333333,2.62333333,NA,NA,NA,NA,NA,NA,NA,NA,NA,NA,NA,NA
2014Q3,2014-07-01,escenario_alternativo,Escenario alternativo,4,4.54543,4.62551329,3.4950977,2.62143295,0.873664742,-0.08008329,3.62333333,4.2639844,3.62496659,0.56218206,1.16042207,-0.0801666771,2.78859959,460.323476,99.8066446,-0.193542512,466.876749,124.0329,97.78,3.17174391,-9.69911685,-3.00406694,13.0726562,0.09,2.49666667,NA,NA,NA,NA,NA,NA,NA,NA,NA,NA,NA,NA
2014Q4,2014-10-01,escenario_alternativo,Escenario alternativo,4,5.12580897,4.94475391,6.3065198,5.19272372,1.11379608,0.18105506,3.04666667,4.23214046,3.79112838,0.876484291,1.82815314,4.21315673,2.90482419,458.251681,97.7601285,-2.26533806,438.118378,118.824939,73.1599996,3.00330824,-29.7168257,-8.88017616,16.0723438,0.1,2.28,NA,NA,NA,NA,NA,NA,NA,NA,NA,NA,NA,NA
2015Q1,2015-01-01,escenario_alternativo,Escenario alternativo,4,4.28099337,5.11543289,1.01281313,5.18470257,-4.17188943,-0.83443952,3,4.15728188,3.6944292,0.452729467,1.79657734,1.26080259,3.16800048,457.399269,96.930351,-3.11774978,397.741701,106.485128,48.5399999,2.63747618,-70.9039878,-18.9867117,16.5647541,0.11,1.96666667,NA,NA,NA,NA,NA,NA,NA,NA,NA,NA,NA,NA
2015Q2,2015-04-01,escenario_alternativo,Escenario alternativo,4,4.09009454,5.02646037,5.54594754,7.10698222,-1.56103469,-0.93636583,3,4.13622674,3.56805302,0.798837905,2.38495443,4.14602509,2.89641859,454.347631,94.0170652,-6.16938735,414.602831,109.844414,57.8466669,2.74618223,-58.0663233,-11.4611476,13.7401587,0.123333333,2.16666667,NA,NA,NA,NA,NA,NA,NA,NA,NA,NA,NA,NA
2015Q3,2015-07-01,escenario_alternativo,Escenario alternativo,4,4.63907566,5.38243898,5.69102216,4.0453474,1.64567476,-0.74336332,3,4.11737353,3.43526983,0.762160078,3.0586961,2.61479998,2.32466402,459.502398,98.9905093,-1.01462035,392.212117,95.2394063,46.4166667,2.38197859,-74.664632,-28.7934942,19.3073438,0.136666667,2.22,NA,NA,NA,NA,NA,NA,NA,NA,NA,NA,NA,NA
2015Q4,2015-10-01,escenario_alternativo,Escenario alternativo,4,4.01922431,5.21312737,3.82711442,4.51547729,-0.688362869,-1.19390306,3.24333333,4.10056633,3.74044576,0.751707121,2.68532941,2.71968999,1.93845625,459.380467,98.8698827,-1.13655209,382.101669,88.0492348,41.9499999,2.21655478,-56.0167093,-30.7757039,17.0332813,0.16,2.19,NA,NA,NA,NA,NA,NA,NA,NA,NA,NA,NA,NA
2016Q1,2016-01-01,escenario_alternativo,Escenario alternativo,4,4.54530932,5.06192325,3.11715317,4.57988606,-1.4627329,-0.51661393,3.5,4.03394286,3.85677054,0.625578205,2.93436514,2.25694552,1.98103567,456.999238,96.5433741,-3.5177806,358.720707,83.5471052,33.1833334,2.11766005,-39.0209945,-22.938023,20.4862295,0.36,1.92,NA,NA,NA,NA,NA,NA,NA,NA,NA,NA,NA,NA
2016Q2,2016-04-01,escenario_alternativo,Escenario alternativo,4,4.12828121,4.67506386,3.87783508,5.5595447,-1.68170962,-0.54678265,3.5,4.02221956,3.66854925,-0.149139538,1.78919672,-0.434648611,2.21802976,455.99272,95.5765216,-4.52429824,389.285224,84.0580172,45.4066666,2.14553056,-25.3176064,-25.7863967,15.6759375,0.373333333,1.75333333,NA,NA,NA,NA,NA,NA,NA,NA,NA,NA,NA,NA
2016Q3,2016-07-01,escenario_alternativo,Escenario alternativo,4,3.4343373,4.23225419,2.91524653,2.27410872,0.641137811,-0.79791689,3.5,4.00991416,3.67821116,0.0298264996,1.98050382,3.38002837,2.421999,453.579212,93.2973888,-6.93780645,387.628113,84.5538029,44.85,2.1653467,-4.58400398,-10.6856034,13.2339063,0.396666667,1.56333333,NA,NA,NA,NA,NA,NA,NA,NA,NA,NA,NA,NA
2016Q4,2016-10-01,escenario_alternativo,Escenario alternativo,4,2.78918837,3.4369362,1.2465187,1.3342053,-0.0876866088,-0.64774783,3.5,4.0061756,3.56313903,-0.518783856,1.41804124,0.469839677,2.67525066,452.239225,92.0555547,-8.27779318,396.123531,94.011332,49.1366666,2.39524025,14.0218618,5.96209718,14.0979365,0.45,2.13,NA,NA,NA,NA,NA,NA,NA,NA,NA,NA,NA,NA
2017Q1,2017-01-01,escenario_alternativo,Escenario alternativo,4,2.71703642,3.11489632,2.82854537,3.29172656,-0.463181192,-0.3978599,3.29333333,3.98529977,3.51666667,-1.30864277,0.729991522,-0.495253347,3.27212549,451.512728,91.3891973,-9.0042907,400.636346,103.26881,51.7666666,2.64605825,41.9156394,19.7217045,11.6919355,0.7,2.44333333,NA,NA,NA,NA,NA,NA,NA,NA,NA,NA,NA,NA
2017Q2,2017-04-01,escenario_alternativo,Escenario alternativo,4,2.27489592,2.7728305,2.10927307,4.19128143,-2.08200836,-0.49793458,2.67666667,3.96438924,3.25666667,-1.02459439,1.76438941,3.70294293,3.52319139,453.61121,93.3272468,-6.90580812,393.465247,100.185102,48.24,2.56866704,4.1800228,16.1270844,11.4263492,0.95,2.26333333,NA,NA,NA,NA,NA,NA,NA,NA,NA,NA,NA,NA
2017Q3,2017-07-01,escenario_alternativo,Escenario alternativo,4,1.65286058,2.41091212,0.427105177,0.826435202,-0.399330025,-0.75805154,2.5,3.95154463,3.12,-0.378423951,2.20723757,5.15142102,3.81417847,452.252188,92.0674886,-8.26483095,392.829288,111.107695,48.1633332,2.87882458,5.20117527,26.5538921,10.9442857,1.15333333,2.24333333,NA,NA,NA,NA,NA,NA,NA,NA,NA,NA,NA,NA
2017Q4,2017-10-01,escenario_alternativo,Escenario alternativo,4,1.99894798,2.3309781,2.63086828,1.01446923,1.61639906,-0.33203012,2.5,3.94060975,3.31666667,-0.130885837,2.97901916,3.55696604,4.12085503,451.017671,90.9378867,-9.49934809,405.974877,117.332922,55.3666667,3.08810668,9.85134581,23.3215901,10.3079365,1.20333333,2.37,NA,NA,NA,NA,NA,NA,NA,NA,NA,NA,NA,NA
2018Q1,2018-01-01,escenario_alternativo,Escenario alternativo,4,2.01424335,2.13708603,2.88972688,2.51615825,0.373568637,-0.12284268,2.5,3.92094671,3.49333333,0.10959829,3.98501208,3.52871832,3.94887928,448.329124,88.5255526,-12.1878946,417.87140900000003,118.691082,62.8866665,3.15671173,17.2350631,15.4222723,17.3547541,1.44666667,2.76,NA,NA,NA,NA,NA,NA,NA,NA,NA,NA,NA,NA
2018Q2,2018-04-01,escenario_alternativo,Escenario alternativo,4,2.12536321,1.9579435,2.55375251,3.47471133,-0.920958828,0.16741971,2.5,3.89000435,3.31,1.29877465,4.81693683,7.03064192,3.89149685,449.663406,89.7146484,-10.853613,425.194837,116.881603,68.0333334,3.11698267,31.72959,16.6965014,15.3375,1.73666667,2.92,NA,NA,NA,NA,NA,NA,NA,NA,NA,NA,NA,NA
2018Q3,2018-07-01,escenario_alternativo,Escenario alternativo,4,2.61388709,2.0772056,2.38120067,1.30348361,1.07771706,0.53668149,2.5,3.8534229,3.19,0.0765304275,2.87533331,-2.61499303,3.71460548,452.202528,92.0217792,-8.31449013,427.295322,104.611724,69.7566669,2.76814389,34.4660334,-6.49597117,12.8568254,1.92333333,2.92666667,NA,NA,NA,NA,NA,NA,NA,NA,NA,NA,NA,NA
2018Q4,2018-10-01,escenario_alternativo,Escenario alternativo,4,2.39656983,2.1414504,1.7615992599999999,1.27144842,0.490150835,0.25511943,2.7,3.81329521,3.09666667,0.776588522,3.25461622,5.07409767,3.28174985,452.984479,92.7441651,-7.53253919,410.271332,105.265719,59.0766669,2.79765036,4.29645478,-12.0672029,21.0536508,2.22,3.03333333,NA,NA,NA,NA,NA,NA,NA,NA,NA,NA,NA,NA
2019Q1,2019-01-01,escenario_alternativo,Escenario alternativo,4,1.82252094,2.26730856,0.59353135,3.01959087,-2.42605952,-0.44478762,2.92,3.7666602,3.17,0.40373298,2.56806889,0.782528995,3.13907829,452.246933,92.0626506,-8.2700857,402.538782,105.850139,54.8266669,2.82156097,-15.3326276,-12.8409427,16.47,2.40333333,2.65333333,NA,NA,NA,NA,NA,NA,NA,NA,NA,NA,NA,NA
2019Q2,2019-04-01,escenario_alternativo,Escenario alternativo,4,2.19335153,2.26235983,4.03707483,3.4549164,0.582158427,-0.0690083,2.87666667,3.71402515,2.89333333,1.16010731,2.14704323,5.3465393,3.04944388,453.449386,93.1763431,-7.06763228,410.461773,103.391723,59.7833334,2.77326802,-14.7330639,-13.4898802,15.1830159,2.39666667,2.33333333,NA,NA,NA,NA,NA,NA,NA,NA,NA,NA,NA,NA
2019Q3,2019-07-01,escenario_alternativo,Escenario alternativo,4,2.18310736,2.25769909,2.34022401,1.28484065,1.05538336,-0.07459173,2.35333333,3.66061531,2.28,0.412012098,2.43160025,-1.47676496,3.11809252,454.918797,94.5555952,-5.59822164,404.253458,97.7524756,56.3699997,2.62985122,-23.0418632,-6.85924809,15.9601563,2.19,1.79666667,NA,NA,NA,NA,NA,NA,NA,NA,NA,NA,NA,NA
2019Q4,2019-10-01,escenario_alternativo,Escenario alternativo,4,2.71063504,2.3664092,3.87170996,1.70628888,2.16542107,0.34422584,1.81333333,3.62564689,2.13333333,-3.9564692,-3.02535848,-16.7537373,3.02961882,460.844226,100.327743,0.327207608,404.588919,98.6025914,56.9566669,2.67093199,-5.68241294,-6.66312775,13.9857813,1.64333333,1.79333333,NA,NA,NA,NA,NA,NA,NA,NA,NA,NA,NA,NA
2020Q1,2020-01-01,escenario_alternativo,Escenario alternativo,4,3.63000913,2.4363799,4.27102773,3.29947366,0.971554077,1.19362923,1.62666667,3.59722222,2.55,-2.11819772,-0.970386177,9.00241821,-2.54584716,465.839968,105.467166,5.32294924,382.33375,93.9002816,45.7566666,2.55742992,-20.2050315,-11.9498576,31.2245161,1.26,1.37666667,NA,NA,NA,NA,NA,NA,NA,NA,NA,NA,NA,NA
2020Q2,2020-04-01,escenario_alternativo,Escenario alternativo,4,2.89157803,2.57151354,1.0833504,3.99545096,-2.91210056,0.32006449,0.5,3.57777778,2.74,-16.0850718,-17.2182004,-59.6447177,-5.4659898,464.072946,103.619907,3.55592723,333.50822,89.4764334,27.8066665,2.42288246,-76.9535525,-13.9152894,34.4936508,0.06,0.686666667,NA,NA,NA,NA,NA,NA,NA,NA,NA,NA,NA,NA
2020Q3,2020-07-01,escenario_alternativo,Escenario alternativo,4,2.64190137,2.63842617,1.3415174,1.55249116,-0.210973757,0.0034752,0.5,3.55833333,2.6,-10.9330249,-11.6689195,20.7203587,-0.188662796,461.804988,101.296299,1.28796956,370.940732,108.291528,40.893333,2.95788653,-33.3127261,10.5390523,25.8089062,0.0933333333,0.65,NA,NA,NA,NA,NA,NA,NA,NA,NA,NA,NA,NA
2020Q4,2020-10-01,escenario_alternativo,Escenario alternativo,4,2.84493533,3.08828903,4.68384578,3.50574035,1.17810544,-0.2433537,0.5,3.53888889,2.51,-3.71253642,0.0433201592,30.0952214,1.26601945,461.548184,101.0365,1.03116518,373.96577,117.114354,42.4533335,3.2540204,-30.6231488,18.5117624,25.6217187,0.09,0.863333333,NA,NA,NA,NA,NA,NA,NA,NA,NA,NA,NA,NA
2021Q1,2021-01-01,escenario_alternativo,Escenario alternativo,4,2.90456588,3.13355494,4.50954994,3.4805373,1.02901264,-0.22898906,0.5,3.51944444,2.32666667,-0.477,2.19830413,17.6223541,7.64455867,458.679675,98.1794327,-1.83734338,403.796696,132.814771,57.79,3.84585714,21.4629457,38.9144894,23.202459,0.08,1.31666667,NA,NA,NA,NA,NA,NA,NA,NA,NA,NA,NA,NA
2021Q2,2021-04-01,escenario_alternativo,Escenario alternativo,4,3.52673564,3.17975238,3.57202943,4.18024071,-0.608211281,0.34698326,0.5,3.5,2.39,-0.696,18.0790762,3.87837056,11.0326852,458.695437,98.1949089,-1.82158189,415.410292,144.57626,66.0900005,4.40472195,81.9020711,55.0998267,18,0.07,1.59333333,NA,NA,NA,NA,NA,NA,NA,NA,NA,NA,NA,NA
2021Q3,2021-07-01,escenario_alternativo,Escenario alternativo,4,4.77113367,3.8478027,6.31910953,4.22469244,2.09441709,0.92333097,0.96,3.54166667,3.14666667,3.363,18.4410417,22.1682208,4.79088573,465.560906,105.173257,5.04388779,420.463675,139.441569,70.6233337,4.25093745,49.5229422,31.1500407,18.2873438,0.09,1.32333333,NA,NA,NA,NA,NA,NA,NA,NA,NA,NA,NA,NA
2021Q4,2021-10-01,escenario_alternativo,Escenario alternativo,4,6.42288575,4.61533313,11.2908541,6.57586207,4.71499203,1.80755262,2.82,3.58333333,3.82333333,4.15,12.8384893,7.68501156,4.14106366,470.710312,110.730921,10.1932938,427.53215,140.711553,77.4466668,4.39902779,53.5663801,23.5971994,19.2751562,0.08,1.53666667,NA,NA,NA,NA,NA,NA,NA,NA,NA,NA,NA,NA
2022Q1,2022-01-01,escenario_alternativo,Escenario alternativo,4,7.98239276,6.43489389,10.747578,10.7587803,-0.0112023635,1.54749887,5.11333333,3.625,4.23,3.089,8.03289179,-1.60003579,3.90533491,469.400047,109.289516,8.88302856,445.207158,141.44989,94.4533336,4.52914513,41.410462,8.63511885,25.3729032,0.12,1.94,NA,NA,NA,NA,NA,NA,NA,NA,NA,NA,NA,NA
2022Q2,2022-04-01,escenario_alternativo,Escenario alternativo,4,10.9025367,8.48820293,15.2526054,12.3934768,2.85912852,2.41433377,7.94333333,3.66666667,3.92666667,2.26,6.81693051,-0.985474557,2.1826861,470.015204,109.96389,9.4981853,456.952896,134.423879,108.723333,4.32112703,41.5426047,-10.1523811,27.3984375,0.77,2.93,NA,NA,NA,NA,NA,NA,NA,NA,NA,NA,NA,NA
2022Q3,2022-07-01,escenario_alternativo,Escenario alternativo,4,12.793453,9.81087301,13.8827747,9.51537277,4.36740191,2.98257999,9.91,3.70833333,3.83333333,1.819,1.47352679,0.794605934,3.41760658,474.007777,114.443102,13.4907586,440.218293,112.37052,93.183333,3.51166803,19.7546186,-27.0710488,24.7927273,2.19,3.10666667,NA,NA,NA,NA,NA,NA,NA,NA,NA,NA,NA,NA
2022Q4,2022-10-01,escenario_alternativo,Escenario alternativo,4,12.2008375,9.81525282,8.92039185,6.59338133,2.32701052,2.38558468,11.19,3.75,4.56,-0.166,-1.82128462,-5.49423405,2.32350826,468.930711,108.777783,8.41369286,427.348133,114.687573,82.7866667,3.63155677,-0.184016752,-26.0239806,25.0026563,3.65333333,3.83,NA,NA,NA,NA,NA,NA,NA,NA,NA,NA,NA,NA
2023Q1,2023-01-01,escenario_alternativo,Escenario alternativo,4,11.2450371,9.49650285,6.92437645,9.48378047,-2.55940402,1.74853425,11.25,3.8125,4.41666667,0.864,0.00438362005,5.70263716,3.61027835,458.26791,97.7759953,-2.24910864,417.999023,124.714544,76.0766666,4.05072879,-27.2081349,-16.7353464,20.6840625,4.51666667,3.64666667,NA,NA,NA,NA,NA,NA,NA,NA,NA,NA,NA,NA
2023Q2,2023-04-01,escenario_alternativo,Escenario alternativo,4,8.33346377,8.35957515,3.60631209,7.84576605,-4.23945396,-0.02611138,11.25,3.875,4.43333333,0.031,0.204519824,-0.184929742,4.22467494,455.360141,94.9738329,-5.15687713,414.189603,118.802799,73.7600002,3.8456727,-42.7632936,-15.6210805,16.44125,4.99,3.59333333,NA,NA,NA,NA,NA,NA,NA,NA,NA,NA,NA,NA
2023Q3,2023-07-01,escenario_alternativo,Escenario alternativo,4,5.09084822,6.35519721,0.912312513,1.49786101,-0.585548497,-1.26434899,10.3566667,3.9375,4.24666667,-0.153,0.422435423,1.66626833,3.27470447,459.735939,99.2219629,-0.78107982,424.290528,116.500404,82.2966673,3.79024011,-15.9277656,4.12988411,15.0132308,5.26,4.15,NA,NA,NA,NA,NA,NA,NA,NA,NA,NA,NA,NA
2023Q4,2023-10-01,escenario_alternativo,Escenario alternativo,4,3.93411555,5.01190378,4.29346116,1.22020758,3.07325358,-1.07778823,9.05666667,4,5.25333333,-0.206,2.45400717,2.63205295,3.45988226,463.364816,102.888735,2.84779738,418.734259,113.522092,78.4099995,3.70554295,-8.61387372,-1.16548066,15.28625,5.33,4.44,NA,NA,NA,NA,NA,NA,NA,NA,NA,NA,NA,NA
2024Q1,2024-01-01,escenario_alternativo,Escenario alternativo,4,3.28223579,3.96275857,4.3168574,5.28719965,-0.970342252,-0.68052278,7.58333333,4,5.00333333,0.341,2.2343415,4.82397446,3.26412118,467.758634,107.510266,7.24161551,416.737202,115.917773,77.5599999,3.82997218,-1.26182045,-8.79677022,13.7125397,5.33,4.16,NA,NA,NA,NA,NA,NA,NA,NA,NA,NA,NA,NA
2024Q2,2024-04-01,escenario_alternativo,Escenario alternativo,4,3.49857649,3.33868579,4.47167489,5.34947492,-0.877800034,0.1598907,6.28,4,4.92333333,-0.909,1.6898227,-2.36300494,3.28542582,465.424295,105.029677,4.90727604,421.288013,129.649012,81.7133332,4.4230397,7.09841059,10.8462136,13.9803077,5.33,4.44333333,NA,NA,NA,NA,NA,NA,NA,NA,NA,NA,NA,NA
2024Q3,2024-07-01,escenario_alternativo,Escenario alternativo,4,4.23177954,3.56765226,3.84512471,2.41372689,1.43139782,0.66412728,5.67666667,4,4.4,-0.445,2.39782039,4.49825909,3.46855333,464.952885,104.535722,4.43586591,414.023182,123.542968,76.2399999,4.17487375,-10.2673454,7.04256406,17.0666667,5.26333333,3.94666667,NA,NA,NA,NA,NA,NA,NA,NA,NA,NA,NA,NA
2024Q4,2024-10-01,escenario_alternativo,Escenario alternativo,4,4.37225221,4.11691136,4.85535184,3.41724397,1.43810788,0.25534085,5.26666667,4,4.32,-0.141,2.64944281,3.63854264,3.60258968,466.209001,105.857094,5.69198223,405.67806,122.476181,70.6866669,4.1630092,-13.0561997,8.95408908,17.3632308,4.65,4.28333333,NA,NA,NA,NA,NA,NA,NA,NA,NA,NA,NA,NA
2025Q1,2025-01-01,escenario_alternativo,Escenario alternativo,4,4.73487333,3.8338556,5.76734187,4.15497661,1.61236526,0.90101773,5,4,4.24,0.69,3.01845503,6.30002334,3.4881,465.034163,104.620721,4.51714446,406.383982,123.383416,71.8366665,4.2392627,-10.35322,7.465643,18.5211111,4.33,4.45333333,NA,NA,NA,NA,NA,NA,NA,NA,NA,NA,NA,NA
2025Q2,2025-04-01,escenario_alternativo,Escenario alternativo,4,4.26763127,3.56746339,2.60270665,4.28390609,-1.68119944,0.70016788,5,4,4.18333333,-0.072,3.50947166,-0.398938422,3.274572,464.399222,103.958546,3.88220299,395.397775,124.8038,64.6266665,4.3175468,-25.8902382,-4.84521246,23.5614063,4.33,4.36,NA,NA,NA,NA,NA,NA,NA,NA,NA,NA,NA,NA
2025Q3,2025-07-01,escenario_alternativo,Escenario alternativo,4,4.14283358,3.86041501,3.34593397,3.58553339,-0.239599423,0.28241857,4.82666667,4,4.28,-0.265,2.87751912,1.97044891,2.980154,466.12302,105.766116,5.60600184,396.340107,126.878201,65.7366665,4.44170272,-17.6830748,3.33523312,15.9830303,4.29333333,4.25666667,NA,NA,NA,NA,NA,NA,NA,NA,NA,NA,NA,NA
2025Q4,2025-10-01,escenario_alternativo,Escenario alternativo,4,3.38676573,3.3357516,1.83108041,1.3185903,0.512490109,0.05101413,4.71333333,4,4.22333333,-0.297,2.55545295,2.35027797,2.86465,463.793033,103.330267,3.27601462,385.894347,138.702465,59.6400001,5.03497052,-19.7837128,16.2262837,17.7452308,3.89666667,4.09666667,NA,NA,NA,NA,NA,NA,NA,NA,NA,NA,NA,NA
2026Q1,2026-01-01,escenario_alternativo,Escenario alternativo,4,2.55608994,3.32474096,2.44463578,4.11093184,-1.66629606,-0.768651015,4.48991663,4,4.19859763,-0.5,0.873392087,-0.428191651,2.7,464.9187,104.499993,2.42141867,418.341527,142.115845,83.1504434,5.25087494,11.9575449,18.7324284,24,3.6,4.25,-2.00218222e-13,0.435673291,-0.4122457,-0.0762719773,-0.040498932,30.8457173,5.04510025,6.58691112,-0.280800003,0.162999997,-0.207401651,1.64396767
2026Q2,2026-04-01,escenario_alternativo,Escenario alternativo,4,3.89523252,3.3009337,7.95927831,4.18867898,3.77059933,0.594298817,4.50858973,4,4.18918969,-0.5,1.79134659,3.27285801,2.7,463.9572,103.50004,1.45991867,436.298326,145.628541,100,5.46559142,29.2917837,20.8247409,22,3.6,4.5,-2.13992823e-13,-0.032542734,0.273355301,0.0957908592,0.185774938,26.1449751,5.99776125,1.11983,0.004,0.275,-0.094758,0.00706746863
2026Q3,2026-07-01,escenario_alternativo,Escenario alternativo,4,4.12685735,3.20464279,4.27243133,3.20036833,1.072063,0.922214566,4.72181414,4,4.21194604,-0.538195293,2.22039354,3.68662779,2.7,463.4729,103.000001,0.975618672,435.80326,146.517593,100,5.54176763,26.6050794,19.6393915,21,3.6,4.55,-7.4001863e-9,0.557926829,-0.720955276,0.100252633,0.209892131,13.1108558,4.25229125,1.22845,0.004,0.1,-0.094758,0.0996674686
2026Q4,2026-10-01,escenario_alternativo,Escenario alternativo,4,4.18727581,3.18917804,2.07275781,1.25673302,0.816024797,0.998097765,4.55768528,4,4.23855734,-0.580845503,2.13576041,2.01174748,2.7,463.16904,102.6875,0.671758672,424.772143,144.614503,90,5.46428494,34.3604231,5.91203844,19,3.6,4.65,-2.22406092e-13,-0.0287067007,-0.23499034,0.158899134,0.00110370257,2.42543865,1.68241225,-0.21724,0.004,0.155,-0.094758,0.0863874686
2027Q1,2027-01-01,escenario_alternativo,Escenario alternativo,4,3.91793159,3.21154182,1.36725891,4.20038696,-2.83312806,0.706389767,4.3037844,4,4.13175314,-0.590822624,2.54279892,1.19996239,2.9,462.742079,102.249999,0.244797672,418.561236,139.408653,85,5.21284319,-7.87946857,-2.70719122,18.5,3.4,4.63,9.99982294e-9,0.556183991,-0.9622673,0.153976528,-0.0982812173,3.91745027,-2.09612025,0.39138,-0.196,0.045,0.105242,-0.158257531
2027Q2,2027-04-01,escenario_alternativo,Escenario alternativo,4,2.83684458,3.20291144,3.63493028,4.15415744,-0.51922716,-0.366066855,4.20621664,4,4.13158587,-0.539773333,2.55234156,3.3110286,2.9,462.4973,102.000019,1.86722561e-5,418.06617,137.463006,85,5.13777248,-18.3783254,-8.16553408,18,3.4,4.55,-1.9722056e-13,-0.0240761967,0.776303496,0.125969824,0.0588253496,7.75939834,-0.13737975,0.168535,-0.004,-0.017,-0.031586,-0.146859931
2027Q3,2027-07-01,escenario_alternativo,Escenario alternativo,4,2.37607843,2.93878645,2.42936672,2.14386838,0.285498332,-0.56270802,4.22011709,4,4.17987919,-0.471041544,2.06184381,1.72463677,2.9,462,101.494032,-0.497281328,417.571105,135.991038,85,5.08782581,-19.6880812,-10.5265542,17.25,3.4,4.37,2.99976216e-9,-0.226760687,-0.0668757155,0.0830706347,0.115002516,7.61003269,-0.1501125,-0.30431,-0.004,-0.125,-0.031586,-0.497292531
2027Q4,2027-10-01,escenario_alternativo,Escenario alternativo,4,2.71058426,2.94625236,3.41078114,1.28659666,2.12418447,-0.235668101,4.22016378,4,4.21328538,-0.415220457,1.96822685,1.63727965,2.9,462,101.494032,-0.497281328,417.076039,135.002927,85,5.06280225,-18.7281611,-9.61157626,17,3.4,4.2,-2.29654265e-13,0.286135643,0.956526666,0.0263397625,0.0970326956,7.46066636,-0.0342474996,-0.1385775,-0.004,-0.133,-0.031586,-0.198912531
2028Q1,2028-01-01,escenario_alternativo,Escenario alternativo,4,2.94633475,2.77866306,2.31026088,3.53002975,-1.21976887,0.167671695,4.15958043,4,4.28528018,-0.38969255,2.09121334,1.69190834,2.931586,462.198913,101.696117,-0.298368797,409.269673,134.296091,NA,NA,NA,NA,17,3.404,4.18,0,0,0,0,0,0,0,0,0,0,0,0
2028Q2,2028-04-01,escenario_alternativo,Escenario alternativo,4,2.69880758,2.80338662,2.64482159,4.25305168,-1.60823009,-0.104579038,4.09470913,4,4.29322469,-0.359287545,1.72207562,1.83447771,2.95319525,462.31826,101.817562,-0.179021278,403.818566,133.765964,NA,NA,NA,NA,17,3.40784,4.162,0,0,0,0,0,0,0,0,0,0,0,0
2028Q3,2028-07-01,escenario_alternativo,Escenario alternativo,4,2.80900109,2.95527823,2.87014075,2.75143482,0.118705933,-0.146277139,4.05619365,4,4.25020059,-0.318358581,1.78159549,1.96271624,2.967979,462.389869,101.890498,-0.107412767,400.012113,133.368369,NA,NA,NA,NA,17,3.4115264,4.1458,0,0,0,0,0,0,0,0,0,0,0,0
2028Q4,2028-10-01,escenario_alternativo,Escenario alternativo,4,2.50160405,3.02258361,2.181193,1.5558182,0.6253748,-0.520979557,4.03162324,4,4.24211745,-0.274606744,1.88085248,2.03430762,2.97809315,462.432834,101.934285,-0.0644476601,397.354104,133.070173,NA,NA,NA,NA,17,3.41506534,4.13122,0,0,0,0,0,0,0,0,0,0,0,0
2029Q1,2029-01-01,escenario_alternativo,Escenario alternativo,4,2.60343623,3.08403834,2.71758957,3.77584867,-1.0582591,-0.480602114,3.98759357,4,4.21663486,-0.232916482,1.9749432,2.06827124,2.98501265,462.458613,101.960566,-0.038668596,395.498044,132.846526,NA,NA,NA,NA,17,3.41846273,4.118098,0,0,0,0,0,0,0,0,0,0,0,0
2029Q2,2029-04-01,escenario_alternativo,Escenario alternativo,4,2.8453455,3.09506907,3.6124587,4.2971746,-0.684715909,-0.249723568,3.95601314,4,4.16992297,-0.193387812,2.03861673,2.08917181,2.98974655,462.47408,101.976338,-0.0232011576,394.201975,132.67879,NA,NA,NA,NA,17,3.42172422,4.1062882,0,0,0,0,0,0,0,0,0,0,0,0
2029Q3,2029-07-01,escenario_alternativo,Escenario alternativo,4,2.93715756,3.0648159,3.23738896,2.63042211,0.606966846,-0.12765834,3.94226478,4,4.136554,-0.157481931,2.07177855,2.09536352,2.99298521,462.483361,101.985802,-0.0139206946,393.296943,132.552989,NA,NA,NA,NA,17,3.42485525,4.09565938,0,0,0,0,0,0,0,0,0,0,0,0
2029Q4,2029-10-01,escenario_alternativo,Escenario alternativo,4,3.00645954,2.98807255,2.45840094,1.24884483,1.20955611,0.0183869885,3.90951245,4,4.11146551,-0.126522797,2.08571527,2.09005453,2.9952009,462.488929,101.991481,-0.00835241674,392.664969,132.458638,NA,NA,NA,NA,17,3.42786104,4.08609344,0,0,0,0,0,0,0,0,0,0,0,0
